Workbook

Sheet 법정산식 총량
A1: 사업구역 | B1: 시군 | C1: 시군 | D1: 인구규모 | E1: 인구규모 | F1: 부제 | G1: 인구수 | H1: 총면허대수(23.12) | K1: 등록대비 TIMS 수집율 | N1: 거리실차율 | R1: 시간실차율 | V1: 가동률(8h 1대) | Z1: 가동률(10h 1대) | AD1: 법정산식 총량 | AJ1: 기본총량 증차 | AM1: 택시 면허당 인구수 | AO1: 자율조정 (10%) | AP1: 최종 총량 (거리) | AQ1: 과잉 공급수 | AS1: 자율조정 (10%) | AT1: 최종 총량 (거리+시간) | AU1: 과잉 공급수 | AW1: 자율조정 (15%) | AX1: 최종 총량 (거리+시간) | AY1: 과잉 공급수 | BA1: 자율조정 (20%) | BB1: 최종 총량 (거리+시간) | BC1: 과잉 공급수
N2: 목표 | O2: 현재 | R2: 목표 | S2: 현재 | V2: 안정적 | W2: 현재 | Z2: 안정적 | AA2: 현재 | AD2: 가동률 8h 1대 적용시 | AF2: 보정결과 | AJ2: 기본총량 증감
H3: 법인 | I3: 개인 | J3: 합계 | K3: 법인 | L3: 개인 | M3: 합계 | O3: 법인 | P3: 개인 | Q3: 합계 | S3: 법인 | T3: 개인 | U3: 합계 | W3: 법인 | X3: 개인 | Y3: 합계 | AA3: 법인 | AB3: 개인 | AC3: 합계 | AD3: 거리만 | AE3: 거리+시간 | AG3: 도농반영 | AJ3: 거리만 | AK3: 보정결과
A4: 강원특별자치도 강릉시 | B4: 강릉시 | C4: 시 | D4: 20~50만 이하 | E4: 50만 이하 | F4: 10부 | G4: 210080 | H4: 428 | I4: 770 | J4: 1198 | K4: =기초자료!AV4/기초자료!I4 -> 0.75597444 | L4: =기초자료!AW4/기초자료!J4 -> 0.90460556 | M4: =기초자료!AX4/기초자료!K4 -> 0.85150529 | N4: =VLOOKUP(E4,'목표실차율, 안정적가동률'!$A$3:$C$9,3,FALSE) -> 0.49 | O4: =기초자료!CI4 -> 0.51983472 | P4: =기초자료!CJ4 -> 0.48465122 | Q4: =기초자료!CK4 -> 0.49581075 | R4: =VLOOKUP(E4,'목표실차율, 안정적가동률'!$F$3:$G$9,2,FALSE) -> 0.34 | S4: =기초자료!DV4 -> 0.36442986 | T4: =기초자료!DW4 -> 0.35796043 | U4: =기초자료!DX4 -> 0.36001241 | V4: =VLOOKUP(F4,'목표실차율, 안정적가동률'!$J$3:$L$6,3,FALSE) -> 0.88 | W4: =기초자료!FI4 -> 0.80614377 | X4: =기초자료!FJ4 -> 0.75131658 | Y4: =기초자료!FK4 -> 0.76870671 | Z4: =VLOOKUP(F4,'목표실차율, 안정적가동률'!$J$3:$L$6,3,FALSE) -> 0.88 | AA4: =기초자료!GP4 -> #DIV/0! | AB4: =기초자료!GQ4 -> #DIV/0! | AC4: =기초자료!GR4 -> 0 | AD4: =ROUND(J4*(Q4/N4)*(Y4/V4),0) -> 1059 | AE4: =ROUND(J4*(Q4/N4*0.8+U4/R4*0.2)*(Y4/V4),0) -> 1069 | AF4: =AG4 -> 1186.582 | AG4: =VLOOKUP(B4,'[1]Jan-Dec'!$B$2:$AY$61,50,0) -> 1186.582 | AH4: =ROUND(J4*(Q4/N4*0.8+U4/R4*0.2)*(AC4/Z4),0) -> 0 | AJ4: =J4-AD4 -> 139 | AK4: =J4-AF4 -> 11.41797 | AM4: =ROUND(G4/J4,0) -> 175 | AO4: =IF(AM4>312,ROUND(AD4*0.1,0),0) -> 0 | AP4: =AD4+AO4 -> 1059 | AQ4: =J4-AP4 -> 139 | AS4: =IF(AM4>312,ROUND(AF4*0.1,0),0) -> 0 | AT4: =AS4+AF4 -> 1186.582 | AU4: =J4-AT4 -> 11.41797 | AW4: =IF(AF4*1.15>J4,ROUND(AF4*0.15,0),0) -> 178 | AX4: =AF4+AW4 -> 1364.582 | AY4: =J4-AX4 -> -166.58203 | BA4: =IF(AF4*1.2>J4,ROUND(AF4*0.2,0),0) -> 237 | BB4: =AF4+BA4 -> 1423.582 | BC4: =J4-BB4 -> -225.58203
A5: 강원특별자치도 고성군 | B5: 고성군 | C5: 군 | D5: 군지역 | E5: 군지역 | F5: 10부 | G5: 27329 | H5: 25 | I5: 56 | J5: 81 | K5: =기초자료!AV5/기초자료!I5 -> 0.47971165 | L5: =기초자료!AW5/기초자료!J5 -> 0.88424153 | M5: =기초자료!AX5/기초자료!K5 -> 0.75938663 | N5: =VLOOKUP(E5,'목표실차율, 안정적가동률'!$A$3:$C$9,3,FALSE) -> 0.46 | O5: =기초자료!CI5 -> 0.27847735 | P5: =기초자료!CJ5 -> 0.3330261 | Q5: =기초자료!CK5 -> 0.32239062 | R5: =VLOOKUP(E5,'목표실차율, 안정적가동률'!$F$3:$G$9,2,FALSE) -> 0.25 | S5: =기초자료!DV5 -> 0.18407692 | T5: =기초자료!DW5 -> 0.17514231 | U5: =기초자료!DX5 -> 0.17688431 | V5: =VLOOKUP(F5,'목표실차율, 안정적가동률'!$J$3:$L$6,3,FALSE) -> 0.88 | W5: =기초자료!FI5 -> 0.87962612 | X5: =기초자료!FJ5 -> 0.86983864 | Y5: =기초자료!FK5 -> 0.87174693 | Z5: =VLOOKUP(F5,'목표실차율, 안정적가동률'!$J$3:$L$6,3,FALSE) -> 0.88 | AA5: =기초자료!GP5 -> #DIV/0! | AB5: =기초자료!GQ5 -> #DIV/0! | AC5: =기초자료!GR5 -> 0 | AD5: =ROUND(J5*(Q5/N5)*(Y5/V5),0) -> 56 | AE5: =ROUND(J5*(Q5/N5*0.8+U5/R5*0.2)*(Y5/V5),0) -> 56 | AF5: =AE5 -> 56 | AG5: =VLOOKUP(B5,'[1]Jan-Dec'!$B$2:$AY$61,50,0) -> #N/A | AH5: =ROUND(J5*(Q5/N5*0.8+U5/R5*0.2)*(AC5/Z5),0) -> 0 | AJ5: =J5-AD5 -> 25 | AK5: =J5-AF5 -> 25 | AM5: =ROUND(G5/J5,0) -> 337 | AO5: =IF(AM5>312,ROUND(AD5*0.1,0),0) -> 6 | AP5: =AD5+AO5 -> 62 | AQ5: =J5-AP5 -> 19 | AS5: =IF(AM5>312,ROUND(AF5*0.1,0),0) -> 6 | AT5: =AS5+AF5 -> 62 | AU5: =J5-AT5 -> 19 | AW5: =IF(AF5*1.15>J5,ROUND(AF5*0.15,0),0) -> 0 | AX5: =AF5+AW5 -> 56 | AY5: =J5-AX5 -> 25 | BA5: =IF(AF5*1.2>J5,ROUND(AF5*0.2,0),0) -> 0 | BB5: =AF5+BA5 -> 56 | BC5: =J5-BB5 -> 25
A6: 강원특별자치도 동해시 | B6: 동해시 | C6: 시 | D6: 20만 이하 | E6: 20만 이하 | F6: 10부 | G6: 88851 | H6: 141 | I6: 341 | J6: 482 | K6: =기초자료!AV6/기초자료!I6 -> 0.71994029 | L6: =기초자료!AW6/기초자료!J6 -> 0.77802758 | M6: =기초자료!AX6/기초자료!K6 -> 0.76103524 | N6: =VLOOKUP(E6,'목표실차율, 안정적가동률'!$A$3:$C$9,3,FALSE) -> 0.48 | O6: =기초자료!CI6 -> 0.41687465 | P6: =기초자료!CJ6 -> 0.4712483 | Q6: =기초자료!CK6 -> 0.45620122 | R6: =VLOOKUP(E6,'목표실차율, 안정적가동률'!$F$3:$G$9,2,FALSE) -> 0.25 | S6: =기초자료!DV6 -> 0.21388749 | T6: =기초자료!DW6 -> 0.25788684 | U6: =기초자료!DX6 -> 0.24571069 | V6: =VLOOKUP(F6,'목표실차율, 안정적가동률'!$J$3:$L$6,3,FALSE) -> 0.88 | W6: =기초자료!FI6 -> 0.84899474 | X6: =기초자료!FJ6 -> 0.79622728 | Y6: =기초자료!FK6 -> 0.81082987 | Z6: =VLOOKUP(F6,'목표실차율, 안정적가동률'!$J$3:$L$6,3,FALSE) -> 0.88 | AA6: =기초자료!GP6 -> #DIV/0! | AB6: =기초자료!GQ6 -> #DIV/0! | AC6: =기초자료!GR6 -> 0 | AD6: =ROUND(J6*(Q6/N6)*(Y6/V6),0) -> 422 | AE6: =ROUND(J6*(Q6/N6*0.8+U6/R6*0.2)*(Y6/V6),0) -> 425 | AF6: =AE6 -> 425 | AG6: =VLOOKUP(B6,'[1]Jan-Dec'!$B$2:$AY$61,50,0) -> #N/A | AH6: =ROUND(J6*(Q6/N6*0.8+U6/R6*0.2)*(AC6/Z6),0) -> 0 | AJ6: =J6-AD6 -> 60 | AK6: =J6-AF6 -> 57 | AM6: =ROUND(G6/J6,0) -> 184 | AO6: =IF(AM6>312,ROUND(AD6*0.1,0),0) -> 0 | AP6: =AD6+AO6 -> 422 | AQ6: =J6-AP6 -> 60 | AS6: =IF(AM6>312,ROUND(AF6*0.1,0),0) -> 0 | AT6: =AS6+AF6 -> 425 | AU6: =J6-AT6 -> 57 | AW6: =IF(AF6*1.15>J6,ROUND(AF6*0.15,0),0) -> 64 | AX6: =AF6+AW6 -> 489 | AY6: =J6-AX6 -> -7 | BA6: =IF(AF6*1.2>J6,ROUND(AF6*0.2,0),0) -> 85 | BB6: =AF6+BA6 -> 510 | BC6: =J6-BB6 -> -28
A7: 강원특별자치도 삼척시 | B7: 삼척시 | C7: 시 | D7: 20만 이하 | E7: 20만 이하 | F7: 10부 | G7: 63063 | H7: 99 | I7: 157 | J7: 256 | K7: =기초자료!AV7/기초자료!I7 -> 0.71135193 | L7: =기초자료!AW7/기초자료!J7 -> 0.86511861 | M7: =기초자료!AX7/기초자료!K7 -> 0.80565415 | N7: =VLOOKUP(E7,'목표실차율, 안정적가동률'!$A$3:$C$9,3,FALSE) -> 0.48 | O7: =기초자료!CI7 -> 0.33946257 | P7: =기초자료!CJ7 -> 0.41743062 | Q7: =기초자료!CK7 -> 0.39080819 | R7: =VLOOKUP(E7,'목표실차율, 안정적가동률'!$F$3:$G$9,2,FALSE) -> 0.25 | S7: =기초자료!DV7 -> 0.2079556 | T7: =기초자료!DW7 -> 0.21415278 | U7: =기초자료!DX7 -> 0.21203673 | V7: =VLOOKUP(F7,'목표실차율, 안정적가동률'!$J$3:$L$6,3,FALSE) -> 0.88 | W7: =기초자료!FI7 -> 0.81873796 | X7: =기초자료!FJ7 -> 0.83529014 | Y7: =기초자료!FK7 -> 0.82963835 | Z7: =VLOOKUP(F7,'목표실차율, 안정적가동률'!$J$3:$L$6,3,FALSE) -> 0.88 | AA7: =기초자료!GP7 -> #DIV/0! | AB7: =기초자료!GQ7 -> #DIV/0! | AC7: =기초자료!GR7 -> 0 | AD7: =ROUND(J7*(Q7/N7)*(Y7/V7),0) -> 197 | AE7: =ROUND(J7*(Q7/N7*0.8+U7/R7*0.2)*(Y7/V7),0) -> 198 | AF7: =AG7 -> 204.96535 | AG7: =VLOOKUP(B7,'[1]Jan-Dec'!$B$2:$AY$61,50,0) -> 204.96535 | AH7: =ROUND(J7*(Q7/N7*0.8+U7/R7*0.2)*(AC7/Z7),0) -> 0 | AJ7: =J7-AD7 -> 59 | AK7: =J7-AF7 -> 51.034647 | AM7: =ROUND(G7/J7,0) -> 246 | AO7: =IF(AM7>312,ROUND(AD7*0.1,0),0) -> 0 | AP7: =AD7+AO7 -> 197 | AQ7: =J7-AP7 -> 59 | AS7: =IF(AM7>312,ROUND(AF7*0.1,0),0) -> 0 | AT7: =AS7+AF7 -> 204.96535 | AU7: =J7-AT7 -> 51.034647 | AW7: =IF(AF7*1.15>J7,ROUND(AF7*0.15,0),0) -> 0 | AX7: =AF7+AW7 -> 204.96535 | AY7: =J7-AX7 -> 51.034647 | BA7: =IF(AF7*1.2>J7,ROUND(AF7*0.2,0),0) -> 0 | BB7: =AF7+BA7 -> 204.96535 | BC7: =J7-BB7 -> 51.034647
A8: 강원특별자치도 속초시 | B8: 속초시 | C8: 시 | D8: 20만 이하 | E8: 20만 이하 | F8: 10부 | G8: 82226 | H8: 172 | I8: 411 | J8: 583 | K8: =기초자료!AV8/기초자료!I8 -> 0.81327783 | L8: =기초자료!AW8/기초자료!J8 -> 0.88064384 | M8: =기초자료!AX8/기초자료!K8 -> 0.86076913 | N8: =VLOOKUP(E8,'목표실차율, 안정적가동률'!$A$3:$C$9,3,FALSE) -> 0.48 | O8: =기초자료!CI8 -> 0.4174079 | P8: =기초자료!CJ8 -> 0.42418201 | Q8: =기초자료!CK8 -> 0.42229374 | R8: =VLOOKUP(E8,'목표실차율, 안정적가동률'!$F$3:$G$9,2,FALSE) -> 0.25 | S8: =기초자료!DV8 -> 0.29344994 | T8: =기초자료!DW8 -> 0.30901623 | U8: =기초자료!DX8 -> 0.30467716 | V8: =VLOOKUP(F8,'목표실차율, 안정적가동률'!$J$3:$L$6,3,FALSE) -> 0.88 | W8: =기초자료!FI8 -> 0.82381109 | X8: =기초자료!FJ8 -> 0.75499186 | Y8: =기초자료!FK8 -> 0.7741751 | Z8: =VLOOKUP(F8,'목표실차율, 안정적가동률'!$J$3:$L$6,3,FALSE) -> 0.88 | AA8: =기초자료!GP8 -> #DIV/0! | AB8: =기초자료!GQ8 -> #DIV/0! | AC8: =기초자료!GR8 -> 0 | AD8: =ROUND(J8*(Q8/N8)*(Y8/V8),0) -> 451 | AE8: =ROUND(J8*(Q8/N8*0.8+U8/R8*0.2)*(Y8/V8),0) -> 486 | AF8: =AE8 -> 486 | AG8: =VLOOKUP(B8,'[1]Jan-Dec'!$B$2:$AY$61,50,0) -> #N/A | AH8: =ROUND(J8*(Q8/N8*0.8+U8/R8*0.2)*(AC8/Z8),0) -> 0 | AJ8: =J8-AD8 -> 132 | AK8: =J8-AF8 -> 97 | AM8: =ROUND(G8/J8,0) -> 141 | AO8: =IF(AM8>312,ROUND(AD8*0.1,0),0) -> 0 | AP8: =AD8+AO8 -> 451 | AQ8: =J8-AP8 -> 132 | AS8: =IF(AM8>312,ROUND(AF8*0.1,0),0) -> 0 | AT8: =AS8+AF8 -> 486 | AU8: =J8-AT8 -> 97 | AW8: =IF(AF8*1.15>J8,ROUND(AF8*0.15,0),0) -> 0 | AX8: =AF8+AW8 -> 486 | AY8: =J8-AX8 -> 97 | BA8: =IF(AF8*1.2>J8,ROUND(AF8*0.2,0),0) -> 97 | BB8: =AF8+BA8 -> 583 | BC8: =J8-BB8 -> 0
A9: 강원특별자치도 양구군 | B9: 양구군 | C9: 군 | D9: 군지역 | E9: 군지역 | F9: 10부 | G9: 21192 | H9: 14 | I9: 26 | J9: 40 | K9: =기초자료!AV9/기초자료!I9 -> 0.94856079 | L9: =기초자료!AW9/기초자료!J9 -> 0.8917495 | M9: =기초자료!AX9/기초자료!K9 -> 0.91163345 | N9: =VLOOKUP(E9,'목표실차율, 안정적가동률'!$A$3:$C$9,3,FALSE) -> 0.46 | O9: =기초자료!CI9 -> 0.38216236 | P9: =기초자료!CJ9 -> 0.37463517 | Q9: =기초자료!CK9 -> 0.3773764 | R9: =VLOOKUP(E9,'목표실차율, 안정적가동률'!$F$3:$G$9,2,FALSE) -> 0.25 | S9: =기초자료!DV9 -> 0.22785312 | T9: =기초자료!DW9 -> 0.24964832 | U9: =기초자료!DX9 -> 0.241711 | V9: =VLOOKUP(F9,'목표실차율, 안정적가동률'!$J$3:$L$6,3,FALSE) -> 0.88 | W9: =기초자료!FI9 -> 0.75365168 | X9: =기초자료!FJ9 -> 0.67834504 | Y9: =기초자료!FK9 -> 0.70577001 | Z9: =VLOOKUP(F9,'목표실차율, 안정적가동률'!$J$3:$L$6,3,FALSE) -> 0.88 | AA9: =기초자료!GP9 -> #DIV/0! | AB9: =기초자료!GQ9 -> #DIV/0! | AC9: =기초자료!GR9 -> 0 | AD9: =ROUND(J9*(Q9/N9)*(Y9/V9),0) -> 26 | AE9: =ROUND(J9*(Q9/N9*0.8+U9/R9*0.2)*(Y9/V9),0) -> 27 | AF9: =AE9 -> 27 | AG9: =VLOOKUP(B9,'[1]Jan-Dec'!$B$2:$AY$61,50,0) -> #N/A | AH9: =ROUND(J9*(Q9/N9*0.8+U9/R9*0.2)*(AC9/Z9),0) -> 0 | AJ9: =J9-AD9 -> 14 | AK9: =J9-AF9 -> 13 | AM9: =ROUND(G9/J9,0) -> 530 | AO9: =IF(AM9>312,ROUND(AD9*0.1,0),0) -> 3 | AP9: =AD9+AO9 -> 29 | AQ9: =J9-AP9 -> 11 | AS9: =IF(AM9>312,ROUND(AF9*0.1,0),0) -> 3 | AT9: =AS9+AF9 -> 30 | AU9: =J9-AT9 -> 10 | AW9: =IF(AF9*1.15>J9,ROUND(AF9*0.15,0),0) -> 0 | AX9: =AF9+AW9 -> 27 | AY9: =J9-AX9 -> 13 | BA9: =IF(AF9*1.2>J9,ROUND(AF9*0.2,0),0) -> 0 | BB9: =AF9+BA9 -> 27 | BC9: =J9-BB9 -> 13
A10: 강원특별자치도 양양군 | B10: 양양군 | C10: 군 | D10: 군지역 | E10: 군지역 | F10: 10부 | G10: 27750 | H10: 33 | I10: 58 | J10: 91 | K10: =기초자료!AV10/기초자료!I10 -> 0.95878507 | L10: =기초자료!AW10/기초자료!J10 -> 0.9380607 | M10: =기초자료!AX10/기초자료!K10 -> 0.94337464 | N10: =VLOOKUP(E10,'목표실차율, 안정적가동률'!$A$3:$C$9,3,FALSE) -> 0.46 | O10: =기초자료!CI10 -> 0.38188773 | P10: =기초자료!CJ10 -> 0.39136493 | Q10: =기초자료!CK10 -> 0.38889518 | R10: =VLOOKUP(E10,'목표실차율, 안정적가동률'!$F$3:$G$9,2,FALSE) -> 0.25 | S10: =기초자료!DV10 -> 0.16403221 | T10: =기초자료!DW10 -> 0.19841358 | U10: =기초자료!DX10 -> 0.18945383 | V10: =VLOOKUP(F10,'목표실차율, 안정적가동률'!$J$3:$L$6,3,FALSE) -> 0.88 | W10: =기초자료!FI10 -> 0.8791972 | X10: =기초자료!FJ10 -> 0.80982347 | Y10: =기초자료!FK10 -> 0.82790219 | Z10: =VLOOKUP(F10,'목표실차율, 안정적가동률'!$J$3:$L$6,3,FALSE) -> 0.88 | AA10: =기초자료!GP10 -> #DIV/0! | AB10: =기초자료!GQ10 -> #DIV/0! | AC10: =기초자료!GR10 -> 0 | AD10: =ROUND(J10*(Q10/N10)*(Y10/V10),0) -> 72 | AE10: =ROUND(J10*(Q10/N10*0.8+U10/R10*0.2)*(Y10/V10),0) -> 71 | AF10: =AE10 -> 71 | AG10: =VLOOKUP(B10,'[1]Jan-Dec'!$B$2:$AY$61,50,0) -> #N/A | AH10: =ROUND(J10*(Q10/N10*0.8+U10/R10*0.2)*(AC10/Z10),0) -> 0 | AJ10: =J10-AD10 -> 19 | AK10: =J10-AF10 -> 20 | AM10: =ROUND(G10/J10,0) -> 305 | AO10: =IF(AM10>312,ROUND(AD10*0.1,0),0) -> 0 | AP10: =AD10+AO10 -> 72 | AQ10: =J10-AP10 -> 19 | AS10: =IF(AM10>312,ROUND(AF10*0.1,0),0) -> 0 | AT10: =AS10+AF10 -> 71 | AU10: =J10-AT10 -> 20 | AW10: =IF(AF10*1.15>J10,ROUND(AF10*0.15,0),0) -> 0 | AX10: =AF10+AW10 -> 71 | AY10: =J10-AX10 -> 20 | BA10: =IF(AF10*1.2>J10,ROUND(AF10*0.2,0),0) -> 0 | BB10: =AF10+BA10 -> 71 | BC10: =J10-BB10 -> 20
A11: 강원특별자치도 영월군 | B11: 영월군 | C11: 군 | D11: 군지역 | E11: 군지역 | F11: 10부 | G11: 37480 | H11: 22 | I11: 83 | J11: 105 | K11: =기초자료!AV11/기초자료!I11 -> 0.67122757 | L11: =기초자료!AW11/기초자료!J11 -> 0.75341146 | M11: =기초자료!AX11/기초자료!K11 -> 0.73619198 | N11: =VLOOKUP(E11,'목표실차율, 안정적가동률'!$A$3:$C$9,3,FALSE) -> 0.46 | O11: =기초자료!CI11 -> 0.25714385 | P11: =기초자료!CJ11 -> 0.24761513 | Q11: =기초자료!CK11 -> 0.24943544 | R11: =VLOOKUP(E11,'목표실차율, 안정적가동률'!$F$3:$G$9,2,FALSE) -> 0.25 | S11: =기초자료!DV11 -> 0.1436451 | T11: =기초자료!DW11 -> 0.17169505 | U11: =기초자료!DX11 -> 0.16633654 | V11: =VLOOKUP(F11,'목표실차율, 안정적가동률'!$J$3:$L$6,3,FALSE) -> 0.88 | W11: =기초자료!FI11 -> 0.80169838 | X11: =기초자료!FJ11 -> 0.77194878 | Y11: =기초자료!FK11 -> 0.77763198 | Z11: =VLOOKUP(F11,'목표실차율, 안정적가동률'!$J$3:$L$6,3,FALSE) -> 0.88 | AA11: =기초자료!GP11 -> #DIV/0! | AB11: =기초자료!GQ11 -> #DIV/0! | AC11: =기초자료!GR11 -> 0 | AD11: =ROUND(J11*(Q11/N11)*(Y11/V11),0) -> 50 | AE11: =ROUND(J11*(Q11/N11*0.8+U11/R11*0.2)*(Y11/V11),0) -> 53 | AF11: =AE11 -> 53 | AG11: =VLOOKUP(B11,'[1]Jan-Dec'!$B$2:$AY$61,50,0) -> #N/A | AH11: =ROUND(J11*(Q11/N11*0.8+U11/R11*0.2)*(AC11/Z11),0) -> 0 | AJ11: =J11-AD11 -> 55 | AK11: =J11-AF11 -> 52 | AM11: =ROUND(G11/J11,0) -> 357 | AO11: =IF(AM11>312,ROUND(AD11*0.1,0),0) -> 5 | AP11: =AD11+AO11 -> 55 | AQ11: =J11-AP11 -> 50 | AS11: =IF(AM11>312,ROUND(AF11*0.1,0),0) -> 5 | AT11: =AS11+AF11 -> 58 | AU11: =J11-AT11 -> 47 | AW11: =IF(AF11*1.15>J11,ROUND(AF11*0.15,0),0) -> 0 | AX11: =AF11+AW11 -> 53 | AY11: =J11-AX11 -> 52 | BA11: =IF(AF11*1.2>J11,ROUND(AF11*0.2,0),0) -> 0 | BB11: =AF11+BA11 -> 53 | BC11: =J11-BB11 -> 52
A12: 강원특별자치도 원주시 | B12: 원주시 | C12: 시 | D12: 20~50만 이하 | E12: 50만 이하 | F12: 10부 | G12: 361316 | H12: 629 | I12: 1235 | J12: 1864 | K12: =기초자료!AV12/기초자료!I12 -> 0.9289171 | L12: =기초자료!AW12/기초자료!J12 -> 0.89091443 | M12: =기초자료!AX12/기초자료!K12 -> 0.90313629 | N12: =VLOOKUP(E12,'목표실차율, 안정적가동률'!$A$3:$C$9,3,FALSE) -> 0.49 | O12: =기초자료!CI12 -> 0.5271982 | P12: =기초자료!CJ12 -> 0.43643 | Q12: =기초자료!CK12 -> 0.46645483 | R12: =VLOOKUP(E12,'목표실차율, 안정적가동률'!$F$3:$G$9,2,FALSE) -> 0.34 | S12: =기초자료!DV12 -> 0.35171941 | T12: =기초자료!DW12 -> 0.30163138 | U12: =기초자료!DX12 -> 0.31819979 | V12: =VLOOKUP(F12,'목표실차율, 안정적가동률'!$J$3:$L$6,3,FALSE) -> 0.88 | W12: =기초자료!FI12 -> 0.82566501 | X12: =기초자료!FJ12 -> 0.74674709 | Y12: =기초자료!FK12 -> 0.77285202 | Z12: =VLOOKUP(F12,'목표실차율, 안정적가동률'!$J$3:$L$6,3,FALSE) -> 0.88 | AA12: =기초자료!GP12 -> #DIV/0! | AB12: =기초자료!GQ12 -> #DIV/0! | AC12: =기초자료!GR12 -> 0 | AD12: =ROUND(J12*(Q12/N12)*(Y12/V12),0) -> 1558 | AE12: =ROUND(J12*(Q12/N12*0.8+U12/R12*0.2)*(Y12/V12),0) -> 1553 | AF12: =AG12 -> 1661.0172 | AG12: =VLOOKUP(B12,'[1]Jan-Dec'!$B$2:$AY$61,50,0) -> 1661.0172 | AH12: =ROUND(J12*(Q12/N12*0.8+U12/R12*0.2)*(AC12/Z12),0) -> 0 | AJ12: =J12-AD12 -> 306 | AK12: =J12-AF12 -> 202.98281 | AM12: =ROUND(G12/J12,0) -> 194 | AO12: =IF(AM12>312,ROUND(AD12*0.1,0),0) -> 0 | AP12: =AD12+AO12 -> 1558 | AQ12: =J12-AP12 -> 306 | AS12: =IF(AM12>312,ROUND(AF12*0.1,0),0) -> 0 | AT12: =AS12+AF12 -> 1661.0172 | AU12: =J12-AT12 -> 202.98281 | AW12: =IF(AF12*1.15>J12,ROUND(AF12*0.15,0),0) -> 249 | AX12: =AF12+AW12 -> 1910.0172 | AY12: =J12-AX12 -> -46.017187 | BA12: =IF(AF12*1.2>J12,ROUND(AF12*0.2,0),0) -> 332 | BB12: =AF12+BA12 -> 1993.0172 | BC12: =J12-BB12 -> -129.01719
A13: 강원특별자치도 인제군 | B13: 인제군 | C13: 군 | D13: 군지역 | E13: 군지역 | F13: 10부 | G13: 32097 | H13: 3 | I13: 41 | J13: 44 | K13: =기초자료!AV13/기초자료!I13 -> 0.6672043 | L13: =기초자료!AW13/기초자료!J13 -> 0.94611116 | M13: =기초자료!AX13/기초자료!K13 -> 0.92709478 | N13: =VLOOKUP(E13,'목표실차율, 안정적가동률'!$A$3:$C$9,3,FALSE) -> 0.46 | O13: =기초자료!CI13 -> 0.37597866 | P13: =기초자료!CJ13 -> 0.40613977 | Q13: =기초자료!CK13 -> 0.40465981 | R13: =VLOOKUP(E13,'목표실차율, 안정적가동률'!$F$3:$G$9,2,FALSE) -> 0.25 | S13: =기초자료!DV13 -> 0.25808914 | T13: =기초자료!DW13 -> 0.21670851 | U13: =기초자료!DX13 -> 0.21873899 | V13: =VLOOKUP(F13,'목표실차율, 안정적가동률'!$J$3:$L$6,3,FALSE) -> 0.88 | W13: =기초자료!FI13 -> 0.70581708 | X13: =기초자료!FJ13 -> 0.75538915 | Y13: =기초자료!FK13 -> 0.75295672 | Z13: =VLOOKUP(F13,'목표실차율, 안정적가동률'!$J$3:$L$6,3,FALSE) -> 0.88 | AA13: =기초자료!GP13 -> #DIV/0! | AB13: =기초자료!GQ13 -> #DIV/0! | AC13: =기초자료!GR13 -> 0 | AD13: =ROUND(J13*(Q13/N13)*(Y13/V13),0) -> 33 | AE13: =ROUND(J13*(Q13/N13*0.8+U13/R13*0.2)*(Y13/V13),0) -> 33 | AF13: =AD13 -> 33 | AG13: =VLOOKUP(B13,'[1]Jan-Dec'!$B$2:$AY$61,50,0) -> #N/A | AH13: =ROUND(J13*(Q13/N13*0.8+U13/R13*0.2)*(AC13/Z13),0) -> 0 | AJ13: =J13-AD13 -> 11 | AK13: =J13-AF13 -> 11 | AM13: =ROUND(G13/J13,0) -> 729 | AO13: =IF(AM13>312,ROUND(AD13*0.1,0),0) -> 3 | AP13: =AD13+AO13 -> 36 | AQ13: =J13-AP13 -> 8 | AS13: =IF(AM13>312,ROUND(AF13*0.1,0),0) -> 3 | AT13: =AS13+AF13 -> 36 | AU13: =J13-AT13 -> 8 | AW13: =IF(AF13*1.15>J13,ROUND(AF13*0.15,0),0) -> 0 | AX13: =AF13+AW13 -> 33 | AY13: =J13-AX13 -> 11 | BA13: =IF(AF13*1.2>J13,ROUND(AF13*0.2,0),0) -> 0 | BB13: =AF13+BA13 -> 33 | BC13: =J13-BB13 -> 11
A14: 강원특별자치도 정선군 | B14: 정선군 | C14: 군 | D14: 군지역 | E14: 군지역 | F14: 10부 | G14: 34465 | H14: 86 | I14: 108 | J14: 194 | K14: =기초자료!AV14/기초자료!I14 -> 0.90511752 | L14: =기초자료!AW14/기초자료!J14 -> 0.8821963 | M14: =기초자료!AX14/기초자료!K14 -> 0.89235725 | N14: =VLOOKUP(E14,'목표실차율, 안정적가동률'!$A$3:$C$9,3,FALSE) -> 0.46 | O14: =기초자료!CI14 -> 0.34876279 | P14: =기초자료!CJ14 -> 0.30640266 | Q14: =기초자료!CK14 -> 0.32544938 | R14: =VLOOKUP(E14,'목표실차율, 안정적가동률'!$F$3:$G$9,2,FALSE) -> 0.25 | S14: =기초자료!DV14 -> 0.20752757 | T14: =기초자료!DW14 -> 0.20405268 | U14: =기초자료!DX14 -> 0.20561512 | V14: =VLOOKUP(F14,'목표실차율, 안정적가동률'!$J$3:$L$6,3,FALSE) -> 0.88 | W14: =기초자료!FI14 -> 0.86390413 | X14: =기초자료!FJ14 -> 0.74012933 | Y14: =기초자료!FK14 -> 0.79578317 | Z14: =VLOOKUP(F14,'목표실차율, 안정적가동률'!$J$3:$L$6,3,FALSE) -> 0.88 | AA14: =기초자료!GP14 -> #DIV/0! | AB14: =기초자료!GQ14 -> #DIV/0! | AC14: =기초자료!GR14 -> 0 | AD14: =ROUND(J14*(Q14/N14)*(Y14/V14),0) -> 124 | AE14: =ROUND(J14*(Q14/N14*0.8+U14/R14*0.2)*(Y14/V14),0) -> 128 | AF14: =AE14 -> 128 | AG14: =VLOOKUP(B14,'[1]Jan-Dec'!$B$2:$AY$61,50,0) -> #N/A | AH14: =ROUND(J14*(Q14/N14*0.8+U14/R14*0.2)*(AC14/Z14),0) -> 0 | AJ14: =J14-AD14 -> 70 | AK14: =J14-AF14 -> 66 | AM14: =ROUND(G14/J14,0) -> 178 | AO14: =IF(AM14>312,ROUND(AD14*0.1,0),0) -> 0 | AP14: =AD14+AO14 -> 124 | AQ14: =J14-AP14 -> 70 | AS14: =IF(AM14>312,ROUND(AF14*0.1,0),0) -> 0 | AT14: =AS14+AF14 -> 128 | AU14: =J14-AT14 -> 66 | AW14: =IF(AF14*1.15>J14,ROUND(AF14*0.15,0),0) -> 0 | AX14: =AF14+AW14 -> 128 | AY14: =J14-AX14 -> 66 | BA14: =IF(AF14*1.2>J14,ROUND(AF14*0.2,0),0) -> 0 | BB14: =AF14+BA14 -> 128 | BC14: =J14-BB14 -> 66
A15: 강원특별자치도 철원군 | B15: 철원군 | C15: 군 | D15: 군지역 | E15: 군지역 | F15: 10부 | G15: 41507 | H15: 31 | I15: 72 | J15: 103 | K15: =기초자료!AV15/기초자료!I15 -> 0.87601716 | L15: =기초자료!AW15/기초자료!J15 -> 0.91905045 | M15: =기초자료!AX15/기초자료!K15 -> 0.90609868 | N15: =VLOOKUP(E15,'목표실차율, 안정적가동률'!$A$3:$C$9,3,FALSE) -> 0.46 | O15: =기초자료!CI15 -> 0.4116457 | P15: =기초자료!CJ15 -> 0.41224052 | Q15: =기초자료!CK15 -> 0.41206744 | R15: =VLOOKUP(E15,'목표실차율, 안정적가동률'!$F$3:$G$9,2,FALSE) -> 0.25 | S15: =기초자료!DV15 -> 0.22934785 | T15: =기초자료!DW15 -> 0.22298995 | U15: =기초자료!DX15 -> 0.22483996 | V15: =VLOOKUP(F15,'목표실차율, 안정적가동률'!$J$3:$L$6,3,FALSE) -> 0.88 | W15: =기초자료!FI15 -> 0.6877041 | X15: =기초자료!FJ15 -> 0.71996706 | Y15: =기초자료!FK15 -> 0.71057921 | Z15: =VLOOKUP(F15,'목표실차율, 안정적가동률'!$J$3:$L$6,3,FALSE) -> 0.88 | AA15: =기초자료!GP15 -> #DIV/0! | AB15: =기초자료!GQ15 -> #DIV/0! | AC15: =기초자료!GR15 -> 0 | AD15: =ROUND(J15*(Q15/N15)*(Y15/V15),0) -> 75 | AE15: =ROUND(J15*(Q15/N15*0.8+U15/R15*0.2)*(Y15/V15),0) -> 75 | AF15: =AE15 -> 75 | AG15: =VLOOKUP(B15,'[1]Jan-Dec'!$B$2:$AY$61,50,0) -> #N/A | AH15: =ROUND(J15*(Q15/N15*0.8+U15/R15*0.2)*(AC15/Z15),0) -> 0 | AJ15: =J15-AD15 -> 28 | AK15: =J15-AF15 -> 28 | AM15: =ROUND(G15/J15,0) -> 403 | AO15: =IF(AM15>312,ROUND(AD15*0.1,0),0) -> 8 | AP15: =AD15+AO15 -> 83 | AQ15: =J15-AP15 -> 20 | AS15: =IF(AM15>312,ROUND(AF15*0.1,0),0) -> 8 | AT15: =AS15+AF15 -> 83 | AU15: =J15-AT15 -> 20 | AW15: =IF(AF15*1.15>J15,ROUND(AF15*0.15,0),0) -> 0 | AX15: =AF15+AW15 -> 75 | AY15: =J15-AX15 -> 28 | BA15: =IF(AF15*1.2>J15,ROUND(AF15*0.2,0),0) -> 0 | BB15: =AF15+BA15 -> 75 | BC15: =J15-BB15 -> 28
A16: 강원특별자치도 춘천시 | B16: 춘천시 | C16: 시 | D16: 20~50만 이하 | E16: 50만 이하 | F16: 10부 | G16: 286906 | H16: 662 | I16: 1031 | J16: 1693 | K16: =기초자료!AV16/기초자료!I16 -> 0.8621944 | L16: =기초자료!AW16/기초자료!J16 -> 0.86321803 | M16: =기초자료!AX16/기초자료!K16 -> 0.86284061 | N16: =VLOOKUP(E16,'목표실차율, 안정적가동률'!$A$3:$C$9,3,FALSE) -> 0.49 | O16: =기초자료!CI16 -> 0.46286298 | P16: =기초자료!CJ16 -> 0.45390403 | Q16: =기초자료!CK16 -> 0.45720483 | R16: =VLOOKUP(E16,'목표실차율, 안정적가동률'!$F$3:$G$9,2,FALSE) -> 0.34 | S16: =기초자료!DV16 -> 0.3453081 | T16: =기초자료!DW16 -> 0.35436947 | U16: =기초자료!DX16 -> 0.35103094 | V16: =VLOOKUP(F16,'목표실차율, 안정적가동률'!$J$3:$L$6,3,FALSE) -> 0.88 | W16: =기초자료!FI16 -> 0.7501382 | X16: =기초자료!FJ16 -> 0.73420037 | Y16: =기초자료!FK16 -> 0.74007243 | Z16: =VLOOKUP(F16,'목표실차율, 안정적가동률'!$J$3:$L$6,3,FALSE) -> 0.88 | AA16: =기초자료!GP16 -> #DIV/0! | AB16: =기초자료!GQ16 -> #DIV/0! | AC16: =기초자료!GR16 -> 0 | AD16: =ROUND(J16*(Q16/N16)*(Y16/V16),0) -> 1329 | AE16: =ROUND(J16*(Q16/N16*0.8+U16/R16*0.2)*(Y16/V16),0) -> 1357 | AF16: =AG16 -> 1458.1648 | AG16: =VLOOKUP(B16,'[1]Jan-Dec'!$B$2:$AY$61,50,0) -> 1458.1648 | AH16: =ROUND(J16*(Q16/N16*0.8+U16/R16*0.2)*(AC16/Z16),0) -> 0 | AJ16: =J16-AD16 -> 364 | AK16: =J16-AF16 -> 234.83524 | AM16: =ROUND(G16/J16,0) -> 169 | AO16: =IF(AM16>312,ROUND(AD16*0.1,0),0) -> 0 | AP16: =AD16+AO16 -> 1329 | AQ16: =J16-AP16 -> 364 | AS16: =IF(AM16>312,ROUND(AF16*0.1,0),0) -> 0 | AT16: =AS16+AF16 -> 1458.1648 | AU16: =J16-AT16 -> 234.83524 | AW16: =IF(AF16*1.15>J16,ROUND(AF16*0.15,0),0) -> 0 | AX16: =AF16+AW16 -> 1458.1648 | AY16: =J16-AX16 -> 234.83524 | BA16: =IF(AF16*1.2>J16,ROUND(AF16*0.2,0),0) -> 292 | BB16: =AF16+BA16 -> 1750.1648 | BC16: =J16-BB16 -> -57.164761
A17: 강원특별자치도 태백시 | B17: 태백시 | C17: 시 | D17: 20만 이하 | E17: 20만 이하 | F17: 10부 | G17: 38729 | H17: 104 | I17: 186 | J17: 290 | K17: =기초자료!AV17/기초자료!I17 -> 0.58111339 | L17: =기초자료!AW17/기초자료!J17 -> 0.80705335 | M17: =기초자료!AX17/기초자료!K17 -> 0.72602661 | N17: =VLOOKUP(E17,'목표실차율, 안정적가동률'!$A$3:$C$9,3,FALSE) -> 0.48 | O17: =기초자료!CI17 -> 0.31492533 | P17: =기초자료!CJ17 -> 0.41818936 | Q17: =기초자료!CK17 -> 0.38854837 | R17: =VLOOKUP(E17,'목표실차율, 안정적가동률'!$F$3:$G$9,2,FALSE) -> 0.25 | S17: =기초자료!DV17 -> 0.1971543 | T17: =기초자료!DW17 -> 0.25213534 | U17: =기초자료!DX17 -> 0.23635354 | V17: =VLOOKUP(F17,'목표실차율, 안정적가동률'!$J$3:$L$6,3,FALSE) -> 0.88 | W17: =기초자료!FI17 -> 0.82843941 | X17: =기초자료!FJ17 -> 0.8074256 | Y17: =기초자료!FK17 -> 0.81345742 | Z17: =VLOOKUP(F17,'목표실차율, 안정적가동률'!$J$3:$L$6,3,FALSE) -> 0.88 | AA17: =기초자료!GP17 -> #DIV/0! | AB17: =기초자료!GQ17 -> #DIV/0! | AC17: =기초자료!GR17 -> 0 | AD17: =ROUND(J17*(Q17/N17)*(Y17/V17),0) -> 217 | AE17: =ROUND(J17*(Q17/N17*0.8+U17/R17*0.2)*(Y17/V17),0) -> 224 | AF17: =AE17 -> 224 | AG17: =VLOOKUP(B17,'[1]Jan-Dec'!$B$2:$AY$61,50,0) -> #N/A | AH17: =ROUND(J17*(Q17/N17*0.8+U17/R17*0.2)*(AC17/Z17),0) -> 0 | AJ17: =J17-AD17 -> 73 | AK17: =J17-AF17 -> 66 | AM17: =ROUND(G17/J17,0) -> 134 | AO17: =IF(AM17>312,ROUND(AD17*0.1,0),0) -> 0 | AP17: =AD17+AO17 -> 217 | AQ17: =J17-AP17 -> 73 | AS17: =IF(AM17>312,ROUND(AF17*0.1,0),0) -> 0 | AT17: =AS17+AF17 -> 224 | AU17: =J17-AT17 -> 66 | AW17: =IF(AF17*1.15>J17,ROUND(AF17*0.15,0),0) -> 0 | AX17: =AF17+AW17 -> 224 | AY17: =J17-AX17 -> 66 | BA17: =IF(AF17*1.2>J17,ROUND(AF17*0.2,0),0) -> 0 | BB17: =AF17+BA17 -> 224 | BC17: =J17-BB17 -> 66
A18: 강원특별자치도 평창군 | B18: 평창군 | C18: 군 | D18: 군지역 | E18: 군지역 | F18: 10부 | G18: 40664 | H18: 45 | I18: 59 | J18: 104 | K18: =기초자료!AV18/기초자료!I18 -> 0.79437791 | L18: =기초자료!AW18/기초자료!J18 -> 0.9090627 | M18: =기초자료!AX18/기초자료!K18 -> 0.85943947 | N18: =VLOOKUP(E18,'목표실차율, 안정적가동률'!$A$3:$C$9,3,FALSE) -> 0.46 | O18: =기초자료!CI18 -> 0.32899214 | P18: =기초자료!CJ18 -> 0.34252592 | Q18: =기초자료!CK18 -> 0.33711326 | R18: =VLOOKUP(E18,'목표실차율, 안정적가동률'!$F$3:$G$9,2,FALSE) -> 0.25 | S18: =기초자료!DV18 -> 0.24834561 | T18: =기초자료!DW18 -> 0.28150483 | U18: =기초자료!DX18 -> 0.26824325 | V18: =VLOOKUP(F18,'목표실차율, 안정적가동률'!$J$3:$L$6,3,FALSE) -> 0.88 | W18: =기초자료!FI18 -> 0.63630829 | X18: =기초자료!FJ18 -> 0.60897221 | Y18: =기초자료!FK18 -> 0.61990491 | Z18: =VLOOKUP(F18,'목표실차율, 안정적가동률'!$J$3:$L$6,3,FALSE) -> 0.88 | AA18: =기초자료!GP18 -> #DIV/0! | AB18: =기초자료!GQ18 -> #DIV/0! | AC18: =기초자료!GR18 -> 0 | AD18: =ROUND(J18*(Q18/N18)*(Y18/V18),0) -> 54 | AE18: =ROUND(J18*(Q18/N18*0.8+U18/R18*0.2)*(Y18/V18),0) -> 59 | AF18: =AE18 -> 59 | AG18: =VLOOKUP(B18,'[1]Jan-Dec'!$B$2:$AY$61,50,0) -> #N/A | AH18: =ROUND(J18*(Q18/N18*0.8+U18/R18*0.2)*(AC18/Z18),0) -> 0 | AJ18: =J18-AD18 -> 50 | AK18: =J18-AF18 -> 45 | AM18: =ROUND(G18/J18,0) -> 391 | AO18: =IF(AM18>312,ROUND(AD18*0.1,0),0) -> 5 | AP18: =AD18+AO18 -> 59 | AQ18: =J18-AP18 -> 45 | AS18: =IF(AM18>312,ROUND(AF18*0.1,0),0) -> 6 | AT18: =AS18+AF18 -> 65 | AU18: =J18-AT18 -> 39 | AW18: =IF(AF18*1.15>J18,ROUND(AF18*0.15,0),0) -> 0 | AX18: =AF18+AW18 -> 59 | AY18: =J18-AX18 -> 45 | BA18: =IF(AF18*1.2>J18,ROUND(AF18*0.2,0),0) -> 0 | BB18: =AF18+BA18 -> 59 | BC18: =J18-BB18 -> 45
A19: 강원특별자치도 홍천군 | B19: 홍천군 | C19: 군 | D19: 군지역 | E19: 군지역 | F19: 10부 | G19: 67504 | H19: 72 | I19: 76 | J19: 148 | K19: =기초자료!AV19/기초자료!I19 -> 0.93788233 | L19: =기초자료!AW19/기초자료!J19 -> 0.91930841 | M19: =기초자료!AX19/기초자료!K19 -> 0.92834437 | N19: =VLOOKUP(E19,'목표실차율, 안정적가동률'!$A$3:$C$9,3,FALSE) -> 0.46 | O19: =기초자료!CI19 -> 0.39974821 | P19: =기초자료!CJ19 -> 0.39856148 | Q19: =기초자료!CK19 -> 0.39914474 | R19: =VLOOKUP(E19,'목표실차율, 안정적가동률'!$F$3:$G$9,2,FALSE) -> 0.25 | S19: =기초자료!DV19 -> 0.22820085 | T19: =기초자료!DW19 -> 0.20470273 | U19: =기초자료!DX19 -> 0.2162517 | V19: =VLOOKUP(F19,'목표실차율, 안정적가동률'!$J$3:$L$6,3,FALSE) -> 0.88 | W19: =기초자료!FI19 -> 0.85593742 | X19: =기초자료!FJ19 -> 0.85905585 | Y19: =기초자료!FK19 -> 0.85752319 | Z19: =VLOOKUP(F19,'목표실차율, 안정적가동률'!$J$3:$L$6,3,FALSE) -> 0.88 | AA19: =기초자료!GP19 -> #DIV/0! | AB19: =기초자료!GQ19 -> #DIV/0! | AC19: =기초자료!GR19 -> 0 | AD19: =ROUND(J19*(Q19/N19)*(Y19/V19),0) -> 125 | AE19: =ROUND(J19*(Q19/N19*0.8+U19/R19*0.2)*(Y19/V19),0) -> 125 | AF19: =AE19 -> 125 | AG19: =VLOOKUP(B19,'[1]Jan-Dec'!$B$2:$AY$61,50,0) -> #N/A | AH19: =ROUND(J19*(Q19/N19*0.8+U19/R19*0.2)*(AC19/Z19),0) -> 0 | AJ19: =J19-AD19 -> 23 | AK19: =J19-AF19 -> 23 | AM19: =ROUND(G19/J19,0) -> 456 | AO19: =IF(AM19>312,ROUND(AD19*0.1,0),0) -> 13 | AP19: =AD19+AO19 -> 138 | AQ19: =J19-AP19 -> 10 | AS19: =IF(AM19>312,ROUND(AF19*0.1,0),0) -> 13 | AT19: =AS19+AF19 -> 138 | AU19: =J19-AT19 -> 10 | AW19: =IF(AF19*1.15>J19,ROUND(AF19*0.15,0),0) -> 0 | AX19: =AF19+AW19 -> 125 | AY19: =J19-AX19 -> 23 | BA19: =IF(AF19*1.2>J19,ROUND(AF19*0.2,0),0) -> 25 | BB19: =AF19+BA19 -> 150 | BC19: =J19-BB19 -> -2
A20: 강원특별자치도 화천군 | B20: 화천군 | C20: 군 | D20: 군지역 | E20: 군지역 | F20: 10부 | G20: 23104 | H20: 19 | I20: 35 | J20: 54 | K20: =기초자료!AV20/기초자료!I20 -> 0.71495635 | L20: =기초자료!AW20/기초자료!J20 -> 0.92965959 | M20: =기초자료!AX20/기초자료!K20 -> 0.85411586 | N20: =VLOOKUP(E20,'목표실차율, 안정적가동률'!$A$3:$C$9,3,FALSE) -> 0.46 | O20: =기초자료!CI20 -> 0.3255068 | P20: =기초자료!CJ20 -> 0.41472487 | Q20: =기초자료!CK20 -> 0.38844789 | R20: =VLOOKUP(E20,'목표실차율, 안정적가동률'!$F$3:$G$9,2,FALSE) -> 0.25 | S20: =기초자료!DV20 -> 0.17005303 | T20: =기초자료!DW20 -> 0.22591385 | U20: =기초자료!DX20 -> 0.20946143 | V20: =VLOOKUP(F20,'목표실차율, 안정적가동률'!$J$3:$L$6,3,FALSE) -> 0.88 | W20: =기초자료!FI20 -> 0.83968414 | X20: =기초자료!FJ20 -> 0.75883764 | Y20: =기초자료!FK20 -> 0.78264898 | Z20: =VLOOKUP(F20,'목표실차율, 안정적가동률'!$J$3:$L$6,3,FALSE) -> 0.88 | AA20: =기초자료!GP20 -> #DIV/0! | AB20: =기초자료!GQ20 -> #DIV/0! | AC20: =기초자료!GR20 -> 0 | AD20: =ROUND(J20*(Q20/N20)*(Y20/V20),0) -> 41 | AE20: =ROUND(J20*(Q20/N20*0.8+U20/R20*0.2)*(Y20/V20),0) -> 40 | AF20: =AE20 -> 40 | AG20: =VLOOKUP(B20,'[1]Jan-Dec'!$B$2:$AY$61,50,0) -> #N/A | AH20: =ROUND(J20*(Q20/N20*0.8+U20/R20*0.2)*(AC20/Z20),0) -> 0 | AJ20: =J20-AD20 -> 13 | AK20: =J20-AF20 -> 14 | AM20: =ROUND(G20/J20,0) -> 428 | AO20: =IF(AM20>312,ROUND(AD20*0.1,0),0) -> 4 | AP20: =AD20+AO20 -> 45 | AQ20: =J20-AP20 -> 9 | AS20: =IF(AM20>312,ROUND(AF20*0.1,0),0) -> 4 | AT20: =AS20+AF20 -> 44 | AU20: =J20-AT20 -> 10 | AW20: =IF(AF20*1.15>J20,ROUND(AF20*0.15,0),0) -> 0 | AX20: =AF20+AW20 -> 40 | AY20: =J20-AX20 -> 14 | BA20: =IF(AF20*1.2>J20,ROUND(AF20*0.2,0),0) -> 0 | BB20: =AF20+BA20 -> 40 | BC20: =J20-BB20 -> 14
A21: 강원특별자치도 횡성군 | B21: 횡성군 | C21: 군 | D21: 군지역 | E21: 군지역 | F21: 10부 | G21: 46449 | H21: 37 | I21: 48 | J21: 85 | K21: =기초자료!AV21/기초자료!I21 -> 0.45772447 | L21: =기초자료!AW21/기초자료!J21 -> 0.76057212 | M21: =기초자료!AX21/기초자료!K21 -> 0.62874432 | N21: =VLOOKUP(E21,'목표실차율, 안정적가동률'!$A$3:$C$9,3,FALSE) -> 0.46 | O21: =기초자료!CI21 -> 0.30378063 | P21: =기초자료!CJ21 -> 0.30594534 | Q21: =기초자료!CK21 -> 0.30525936 | R21: =VLOOKUP(E21,'목표실차율, 안정적가동률'!$F$3:$G$9,2,FALSE) -> 0.25 | S21: =기초자료!DV21 -> 0.15275788 | T21: =기초자료!DW21 -> 0.18169043 | U21: =기초자료!DX21 -> 0.17252191 | V21: =VLOOKUP(F21,'목표실차율, 안정적가동률'!$J$3:$L$6,3,FALSE) -> 0.88 | W21: =기초자료!FI21 -> 0.85887913 | X21: =기초자료!FJ21 -> 0.85110936 | Y21: =기초자료!FK21 -> 0.85357155 | Z21: =VLOOKUP(F21,'목표실차율, 안정적가동률'!$J$3:$L$6,3,FALSE) -> 0.88 | AA21: =기초자료!GP21 -> #DIV/0! | AB21: =기초자료!GQ21 -> #DIV/0! | AC21: =기초자료!GR21 -> 0 | AD21: =ROUND(J21*(Q21/N21)*(Y21/V21),0) -> 55 | AE21: =ROUND(J21*(Q21/N21*0.8+U21/R21*0.2)*(Y21/V21),0) -> 55 | AF21: =AE21 -> 55 | AG21: =VLOOKUP(B21,'[1]Jan-Dec'!$B$2:$AY$61,50,0) -> #N/A | AH21: =ROUND(J21*(Q21/N21*0.8+U21/R21*0.2)*(AC21/Z21),0) -> 0 | AJ21: =J21-AD21 -> 30 | AK21: =J21-AF21 -> 30 | AM21: =ROUND(G21/J21,0) -> 546 | AO21: =IF(AM21>312,ROUND(AD21*0.1,0),0) -> 6 | AP21: =AD21+AO21 -> 61 | AQ21: =J21-AP21 -> 24 | AS21: =IF(AM21>312,ROUND(AF21*0.1,0),0) -> 6 | AT21: =AS21+AF21 -> 61 | AU21: =J21-AT21 -> 24 | AW21: =IF(AF21*1.15>J21,ROUND(AF21*0.15,0),0) -> 0 | AX21: =AF21+AW21 -> 55 | AY21: =J21-AX21 -> 30 | BA21: =IF(AF21*1.2>J21,ROUND(AF21*0.2,0),0) -> 0 | BB21: =AF21+BA21 -> 55 | BC21: =J21-BB21 -> 30
A22: 경기도 가평군 | B22: 가평군 | C22: 군 | D22: 군지역 | E22: 군지역 | F22: 10부 | G22: 61976 | H22: 44 | I22: 112 | J22: 156 | K22: =기초자료!AV22/기초자료!I22 -> 0.91456831 | L22: =기초자료!AW22/기초자료!J22 -> 0.9434896 | M22: =기초자료!AX22/기초자료!K22 -> 0.93645469 | N22: =VLOOKUP(E22,'목표실차율, 안정적가동률'!$A$3:$C$9,3,FALSE) -> 0.46 | O22: =기초자료!CI22 -> 0.46135996 | P22: =기초자료!CJ22 -> 0.4405289 | Q22: =기초자료!CK22 -> 0.44547749 | R22: =VLOOKUP(E22,'목표실차율, 안정적가동률'!$F$3:$G$9,2,FALSE) -> 0.25 | S22: =기초자료!DV22 -> 0.32404295 | T22: =기초자료!DW22 -> 0.28359363 | U22: =기초자료!DX22 -> 0.2932027 | V22: =VLOOKUP(F22,'목표실차율, 안정적가동률'!$J$3:$L$6,3,FALSE) -> 0.88 | W22: =기초자료!FI22 -> 0.89853503 | X22: =기초자료!FJ22 -> 0.82614845 | Y22: =기초자료!FK22 -> 0.84334448 | Z22: =VLOOKUP(F22,'목표실차율, 안정적가동률'!$J$3:$L$6,3,FALSE) -> 0.88 | AA22: =기초자료!GP22 -> #DIV/0! | AB22: =기초자료!GQ22 -> #DIV/0! | AC22: =기초자료!GR22 -> 0 | AD22: =ROUND(J22*(Q22/N22)*(Y22/V22),0) -> 145 | AE22: =ROUND(J22*(Q22/N22*0.8+U22/R22*0.2)*(Y22/V22),0) -> 151 | AF22: =AE22 -> 151 | AG22: =VLOOKUP(B22,'[1]Jan-Dec'!$B$2:$AY$61,50,0) -> #N/A | AH22: =ROUND(J22*(Q22/N22*0.8+U22/R22*0.2)*(AC22/Z22),0) -> 0 | AJ22: =J22-AD22 -> 11 | AK22: =J22-AF22 -> 5 | AM22: =ROUND(G22/J22,0) -> 397 | AO22: =IF(AM22>312,ROUND(AD22*0.1,0),0) -> 15 | AP22: =AD22+AO22 -> 160 | AQ22: =J22-AP22 -> -4 | AS22: =IF(AM22>312,ROUND(AF22*0.1,0),0) -> 15 | AT22: =AS22+AF22 -> 166 | AU22: =J22-AT22 -> -10 | AW22: =IF(AF22*1.15>J22,ROUND(AF22*0.15,0),0) -> 23 | AX22: =AF22+AW22 -> 174 | AY22: =J22-AX22 -> -18 | BA22: =IF(AF22*1.2>J22,ROUND(AF22*0.2,0),0) -> 30 | BB22: =AF22+BA22 -> 181 | BC22: =J22-BB22 -> -25
A23: 경기도 고양시 | B23: 고양시 | C23: 시 | D23: 100~500만 이하 | E23: 200만 이하 | F23: 10부 | G23: 1076376 | H23: 717 | I23: 2119 | J23: 2836 | K23: =기초자료!AV23/기초자료!I23 -> 0.89614147 | L23: =기초자료!AW23/기초자료!J23 -> 0.8815282 | M23: =기초자료!AX23/기초자료!K23 -> 0.88441764 | N23: =VLOOKUP(E23,'목표실차율, 안정적가동률'!$A$3:$C$9,3,FALSE) -> 0.51 | O23: =기초자료!CI23 -> 0.72743703 | P23: =기초자료!CJ23 -> 0.52658018 | Q23: =기초자료!CK23 -> 0.56682152 | R23: =VLOOKUP(E23,'목표실차율, 안정적가동률'!$F$3:$G$9,2,FALSE) -> 0.45 | S23: =기초자료!DV23 -> 0.55336966 | T23: =기초자료!DW23 -> 0.35430545 | U23: =기초자료!DX23 -> 0.39418763 | V23: =VLOOKUP(F23,'목표실차율, 안정적가동률'!$J$3:$L$6,3,FALSE) -> 0.88 | W23: =기초자료!FI23 -> 0.77577112 | X23: =기초자료!FJ23 -> 0.77646947 | Y23: =기초자료!FK23 -> 0.77632955 | Z23: =VLOOKUP(F23,'목표실차율, 안정적가동률'!$J$3:$L$6,3,FALSE) -> 0.88 | AA23: =기초자료!GP23 -> #DIV/0! | AB23: =기초자료!GQ23 -> #DIV/0! | AC23: =기초자료!GR23 -> 0 | AD23: =ROUND(J23*(Q23/N23)*(Y23/V23),0) -> 2781 | AE23: =ROUND(J23*(Q23/N23*0.8+U23/R23*0.2)*(Y23/V23),0) -> 2663 | AF23: =AE23 -> 2663 | AG23: =VLOOKUP(B23,'[1]Jan-Dec'!$B$2:$AY$61,50,0) -> #N/A | AH23: =ROUND(J23*(Q23/N23*0.8+U23/R23*0.2)*(AC23/Z23),0) -> 0 | AJ23: =J23-AD23 -> 55 | AK23: =J23-AF23 -> 173 | AM23: =ROUND(G23/J23,0) -> 380 | AO23: =IF(AM23>312,ROUND(AD23*0.1,0),0) -> 278 | AP23: =AD23+AO23 -> 3059 | AQ23: =J23-AP23 -> -223 | AS23: =IF(AM23>312,ROUND(AF23*0.1,0),0) -> 266 | AT23: =AS23+AF23 -> 2929 | AU23: =J23-AT23 -> -93 | AW23: =IF(AF23*1.15>J23,ROUND(AF23*0.15,0),0) -> 399 | AX23: =AF23+AW23 -> 3062 | AY23: =J23-AX23 -> -226 | BA23: =IF(AF23*1.2>J23,ROUND(AF23*0.2,0),0) -> 533 | BB23: =AF23+BA23 -> 3196 | BC23: =J23-BB23 -> -360
A24: 경기도 화성·오산 통합사업구역 | B24: 화성·오산 통합사업구역 | C24: 시 | D24: 100~500만 이하 | E24: 200만 이하 | F24: 10부 | G24: 1166969 | H24: 390 | I24: 1609 | J24: 1999 | K24: =기초자료!AV24/기초자료!I24 -> 0.94245326 | L24: =기초자료!AW24/기초자료!J24 -> 0.91777012 | M24: =기초자료!AX24/기초자료!K24 -> 0.92249585 | N24: =VLOOKUP(E24,'목표실차율, 안정적가동률'!$A$3:$C$9,3,FALSE) -> 0.51 | O24: =기초자료!CI24 -> 0.55048021 | P24: =기초자료!CJ24 -> 0.50222539 | Q24: =기초자료!CK24 -> 0.51166392 | R24: =VLOOKUP(E24,'목표실차율, 안정적가동률'!$F$3:$G$9,2,FALSE) -> 0.45 | S24: =기초자료!DV24 -> 0.39400989 | T24: =기초자료!DW24 -> 0.40179558 | U24: =기초자료!DX24 -> 0.40027272 | V24: =VLOOKUP(F24,'목표실차율, 안정적가동률'!$J$3:$L$6,3,FALSE) -> 0.88 | W24: =기초자료!FI24 -> 0.86560542 | X24: =기초자료!FJ24 -> 0.78599268 | Y24: =기초자료!FK24 -> 0.80156474 | Z24: =VLOOKUP(F24,'목표실차율, 안정적가동률'!$J$3:$L$6,3,FALSE) -> 0.88 | AA24: =기초자료!GP24 -> #DIV/0! | AB24: =기초자료!GQ24 -> #DIV/0! | AC24: =기초자료!GR24 -> 0 | AD24: =ROUND(J24*(Q24/N24)*(Y24/V24),0) -> 1827 | AE24: =ROUND(J24*(Q24/N24*0.8+U24/R24*0.2)*(Y24/V24),0) -> 1785 | AF24: =AG24 -> 2050.0863 | AG24: =VLOOKUP(B24,'[1]Jan-Dec'!$B$2:$AY$61,50,0) -> 2050.0863 | AH24: =ROUND(J24*(Q24/N24*0.8+U24/R24*0.2)*(AC24/Z24),0) -> 0 | AJ24: =J24-AD24 -> 172 | AK24: =J24-AF24 -> -51.086344 | AM24: =ROUND(G24/J24,0) -> 584 | AO24: =IF(AM24>312,ROUND(AD24*0.1,0),0) -> 183 | AP24: =AD24+AO24 -> 2010 | AQ24: =J24-AP24 -> -11 | AS24: =IF(AM24>312,ROUND(AF24*0.1,0),0) -> 205 | AT24: =AS24+AF24 -> 2255.0863 | AU24: =J24-AT24 -> -256.08634 | AW24: =IF(AF24*1.15>J24,ROUND(AF24*0.15,0),0) -> 308 | AX24: =AF24+AW24 -> 2358.0863 | AY24: =J24-AX24 -> -359.08634 | BA24: =IF(AF24*1.2>J24,ROUND(AF24*0.2,0),0) -> 410 | BB24: =AF24+BA24 -> 2460.0863 | BC24: =J24-BB24 -> -461.08634
A25: 경기도 광명시 | B25: 광명시 | C25: 시 | D25: 20~50만 이하 | E25: 50만 이하 | F25: 10부 | G25: 280129 | H25: 415 | I25: 846 | J25: 1261 | K25: =기초자료!AV25/기초자료!I25 -> 0.89687176 | L25: =기초자료!AW25/기초자료!J25 -> 0.85344737 | M25: =기초자료!AX25/기초자료!K25 -> 0.86338885 | N25: =VLOOKUP(E25,'목표실차율, 안정적가동률'!$A$3:$C$9,3,FALSE) -> 0.49 | O25: =기초자료!CI25 -> 0.5183141 | P25: =기초자료!CJ25 -> 0.47249038 | Q25: =기초자료!CK25 -> 0.483388 | R25: =VLOOKUP(E25,'목표실차율, 안정적가동률'!$F$3:$G$9,2,FALSE) -> 0.34 | S25: =기초자료!DV25 -> 0.36393436 | T25: =기초자료!DW25 -> 0.33932829 | U25: =기초자료!DX25 -> 0.34518001 | V25: =VLOOKUP(F25,'목표실차율, 안정적가동률'!$J$3:$L$6,3,FALSE) -> 0.88 | W25: =기초자료!FI25 -> 0.74472164 | X25: =기초자료!FJ25 -> 0.75060722 | Y25: =기초자료!FK25 -> 0.74920753 | Z25: =VLOOKUP(F25,'목표실차율, 안정적가동률'!$J$3:$L$6,3,FALSE) -> 0.88 | AA25: =기초자료!GP25 -> #DIV/0! | AB25: =기초자료!GQ25 -> #DIV/0! | AC25: =기초자료!GR25 -> 0 | AD25: =ROUND(J25*(Q25/N25)*(Y25/V25),0) -> 1059 | AE25: =ROUND(J25*(Q25/N25*0.8+U25/R25*0.2)*(Y25/V25),0) -> 1065 | AF25: =AE25 -> 1065 | AG25: =VLOOKUP(B25,'[1]Jan-Dec'!$B$2:$AY$61,50,0) -> #N/A | AH25: =ROUND(J25*(Q25/N25*0.8+U25/R25*0.2)*(AC25/Z25),0) -> 0 | AJ25: =J25-AD25 -> 202 | AK25: =J25-AF25 -> 196 | AM25: =ROUND(G25/J25,0) -> 222 | AO25: =IF(AM25>312,ROUND(AD25*0.1,0),0) -> 0 | AP25: =AD25+AO25 -> 1059 | AQ25: =J25-AP25 -> 202 | AS25: =IF(AM25>312,ROUND(AF25*0.1,0),0) -> 0 | AT25: =AS25+AF25 -> 1065 | AU25: =J25-AT25 -> 196 | AW25: =IF(AF25*1.15>J25,ROUND(AF25*0.15,0),0) -> 0 | AX25: =AF25+AW25 -> 1065 | AY25: =J25-AX25 -> 196 | BA25: =IF(AF25*1.2>J25,ROUND(AF25*0.2,0),0) -> 213 | BB25: =AF25+BA25 -> 1278 | BC25: =J25-BB25 -> -17
A26: 경기도 김포시 | B26: 김포시 | C26: 시 | D26: 20~50만 이하 | E26: 50만 이하 | F26: 10부 | G26: 485943 | H26: 143 | I26: 486 | J26: 629 | K26: =기초자료!AV26/기초자료!I26 -> 0.98679706 | L26: =기초자료!AW26/기초자료!J26 -> 0.89939011 | M26: =기초자료!AX26/기초자료!K26 -> 0.91898618 | N26: =VLOOKUP(E26,'목표실차율, 안정적가동률'!$A$3:$C$9,3,FALSE) -> 0.49 | O26: =기초자료!CI26 -> 0.6175392 | P26: =기초자료!CJ26 -> 0.48399578 | Q26: =기초자료!CK26 -> 0.51614456 | R26: =VLOOKUP(E26,'목표실차율, 안정적가동률'!$F$3:$G$9,2,FALSE) -> 0.34 | S26: =기초자료!DV26 -> 0.4359704 | T26: =기초자료!DW26 -> 0.3450037 | U26: =기초자료!DX26 -> 0.36690271 | V26: =VLOOKUP(F26,'목표실차율, 안정적가동률'!$J$3:$L$6,3,FALSE) -> 0.88 | W26: =기초자료!FI26 -> 0.87747003 | X26: =기초자료!FJ26 -> 0.75094955 | Y26: =기초자료!FK26 -> 0.78140765 | Z26: =VLOOKUP(F26,'목표실차율, 안정적가동률'!$J$3:$L$6,3,FALSE) -> 0.88 | AA26: =기초자료!GP26 -> #DIV/0! | AB26: =기초자료!GQ26 -> #DIV/0! | AC26: =기초자료!GR26 -> 0 | AD26: =ROUND(J26*(Q26/N26)*(Y26/V26),0) -> 588 | AE26: =ROUND(J26*(Q26/N26*0.8+U26/R26*0.2)*(Y26/V26),0) -> 591 | AF26: =AG26 -> 633.41749 | AG26: =VLOOKUP(B26,'[1]Jan-Dec'!$B$2:$AY$61,50,0) -> 633.41749 | AH26: =ROUND(J26*(Q26/N26*0.8+U26/R26*0.2)*(AC26/Z26),0) -> 0 | AJ26: =J26-AD26 -> 41 | AK26: =J26-AF26 -> -4.4174859 | AM26: =ROUND(G26/J26,0) -> 773 | AO26: =IF(AM26>312,ROUND(AD26*0.1,0),0) -> 59 | AP26: =AD26+AO26 -> 647 | AQ26: =J26-AP26 -> -18 | AS26: =IF(AM26>312,ROUND(AF26*0.1,0),0) -> 63 | AT26: =AS26+AF26 -> 696.41749 | AU26: =J26-AT26 -> -67.417486 | AW26: =IF(AF26*1.15>J26,ROUND(AF26*0.15,0),0) -> 95 | AX26: =AF26+AW26 -> 728.41749 | AY26: =J26-AX26 -> -99.417486 | BA26: =IF(AF26*1.2>J26,ROUND(AF26*0.2,0),0) -> 127 | BB26: =AF26+BA26 -> 760.41749 | BC26: =J26-BB26 -> -131.41749
A27: 경기도 동두천시 | B27: 동두천시 | C27: 시 | D27: 20만 이하 | E27: 20만 이하 | F27: 10부 | G27: 89037 | H27: 199 | I27: 210 | J27: 409 | K27: =기초자료!AV27/기초자료!I27 -> 1.2577377 | L27: =기초자료!AW27/기초자료!J27 -> 0.87163683 | M27: =기초자료!AX27/기초자료!K27 -> 1.0471372 | N27: =VLOOKUP(E27,'목표실차율, 안정적가동률'!$A$3:$C$9,3,FALSE) -> 0.48 | O27: =기초자료!CI27 -> 0.40348022 | P27: =기초자료!CJ27 -> 0.39791524 | Q27: =기초자료!CK27 -> 0.40095352 | R27: =VLOOKUP(E27,'목표실차율, 안정적가동률'!$F$3:$G$9,2,FALSE) -> 0.25 | S27: =기초자료!DV27 -> 0.22975019 | T27: =기초자료!DW27 -> 0.24898556 | U27: =기초자료!DX27 -> 0.23848375 | V27: =VLOOKUP(F27,'목표실차율, 안정적가동률'!$J$3:$L$6,3,FALSE) -> 0.88 | W27: =기초자료!FI27 -> 0.84752918 | X27: =기초자료!FJ27 -> 0.75462525 | Y27: =기초자료!FK27 -> 0.80534743 | Z27: =VLOOKUP(F27,'목표실차율, 안정적가동률'!$J$3:$L$6,3,FALSE) -> 0.88 | AA27: =기초자료!GP27 -> #DIV/0! | AB27: =기초자료!GQ27 -> #DIV/0! | AC27: =기초자료!GR27 -> 0 | AD27: =ROUND(J27*(Q27/N27)*(Y27/V27),0) -> 313 | AE27: =ROUND(J27*(Q27/N27*0.8+U27/R27*0.2)*(Y27/V27),0) -> 322 | AF27: =AE27 -> 322 | AG27: =VLOOKUP(B27,'[1]Jan-Dec'!$B$2:$AY$61,50,0) -> #N/A | AH27: =ROUND(J27*(Q27/N27*0.8+U27/R27*0.2)*(AC27/Z27),0) -> 0 | AJ27: =J27-AD27 -> 96 | AK27: =J27-AF27 -> 87 | AM27: =ROUND(G27/J27,0) -> 218 | AO27: =IF(AM27>312,ROUND(AD27*0.1,0),0) -> 0 | AP27: =AD27+AO27 -> 313 | AQ27: =J27-AP27 -> 96 | AS27: =IF(AM27>312,ROUND(AF27*0.1,0),0) -> 0 | AT27: =AS27+AF27 -> 322 | AU27: =J27-AT27 -> 87 | AW27: =IF(AF27*1.15>J27,ROUND(AF27*0.15,0),0) -> 0 | AX27: =AF27+AW27 -> 322 | AY27: =J27-AX27 -> 87 | BA27: =IF(AF27*1.2>J27,ROUND(AF27*0.2,0),0) -> 0 | BB27: =AF27+BA27 -> 322 | BC27: =J27-BB27 -> 87
A28: 경기도 부천시 | B28: 부천시 | C28: 시 | D28: 50~100만 이하 | E28: 100만 이하 | F28: 10부 | G28: 784273 | H28: 980 | I28: 2483 | J28: 3463 | K28: =기초자료!AV28/기초자료!I28 -> 0.8704597 | L28: =기초자료!AW28/기초자료!J28 -> 0.85431943 | M28: =기초자료!AX28/기초자료!K28 -> 0.85712059 | N28: =VLOOKUP(E28,'목표실차율, 안정적가동률'!$A$3:$C$9,3,FALSE) -> 0.5 | O28: =기초자료!CI28 -> 0.49222996 | P28: =기초자료!CJ28 -> 0.41101602 | Q28: =기초자료!CK28 -> 0.42533013 | R28: =VLOOKUP(E28,'목표실차율, 안정적가동률'!$F$3:$G$9,2,FALSE) -> 0.38 | S28: =기초자료!DV28 -> 0.36730792 | T28: =기초자료!DW28 -> 0.32412204 | U28: =기초자료!DX28 -> 0.33173363 | V28: =VLOOKUP(F28,'목표실차율, 안정적가동률'!$J$3:$L$6,3,FALSE) -> 0.88 | W28: =기초자료!FI28 -> 0.84288658 | X28: =기초자료!FJ28 -> 0.75668438 | Y28: =기초자료!FK28 -> 0.77187768 | Z28: =VLOOKUP(F28,'목표실차율, 안정적가동률'!$J$3:$L$6,3,FALSE) -> 0.88 | AA28: =기초자료!GP28 -> #DIV/0! | AB28: =기초자료!GQ28 -> #DIV/0! | AC28: =기초자료!GR28 -> 0 | AD28: =ROUND(J28*(Q28/N28)*(Y28/V28),0) -> 2584 | AE28: =ROUND(J28*(Q28/N28*0.8+U28/R28*0.2)*(Y28/V28),0) -> 2597 | AF28: =AE28 -> 2597 | AG28: =VLOOKUP(B28,'[1]Jan-Dec'!$B$2:$AY$61,50,0) -> #N/A | AH28: =ROUND(J28*(Q28/N28*0.8+U28/R28*0.2)*(AC28/Z28),0) -> 0 | AJ28: =J28-AD28 -> 879 | AK28: =J28-AF28 -> 866 | AM28: =ROUND(G28/J28,0) -> 226 | AO28: =IF(AM28>312,ROUND(AD28*0.1,0),0) -> 0 | AP28: =AD28+AO28 -> 2584 | AQ28: =J28-AP28 -> 879 | AS28: =IF(AM28>312,ROUND(AF28*0.1,0),0) -> 0 | AT28: =AS28+AF28 -> 2597 | AU28: =J28-AT28 -> 866 | AW28: =IF(AF28*1.15>J28,ROUND(AF28*0.15,0),0) -> 0 | AX28: =AF28+AW28 -> 2597 | AY28: =J28-AX28 -> 866 | BA28: =IF(AF28*1.2>J28,ROUND(AF28*0.2,0),0) -> 0 | BB28: =AF28+BA28 -> 2597 | BC28: =J28-BB28 -> 866
A29: 경기도 남양주·구리 통합사업구역 | B29: 남양주·구리 통합사업구역 | C29: 시 | D29: 50~100만 이하 | E29: 100만 이하 | F29: 10부 | G29: 920212 | H29: 606 | I29: 1550 | J29: 2156 | K29: =기초자료!AV29/기초자료!I29 -> 0.86411232 | L29: =기초자료!AW29/기초자료!J29 -> 0.89385944 | M29: =기초자료!AX29/기초자료!K29 -> 0.88740119 | N29: =VLOOKUP(E29,'목표실차율, 안정적가동률'!$A$3:$C$9,3,FALSE) -> 0.5 | O29: =기초자료!CI29 -> 0.58051396 | P29: =기초자료!CJ29 -> 0.4356147 | Q29: =기초자료!CK29 -> 0.4662475 | R29: =VLOOKUP(E29,'목표실차율, 안정적가동률'!$F$3:$G$9,2,FALSE) -> 0.38 | S29: =기초자료!DV29 -> 0.41728593 | T29: =기초자료!DW29 -> 0.29794721 | U29: =기초자료!DX29 -> 0.32317632 | V29: =VLOOKUP(F29,'목표실차율, 안정적가동률'!$J$3:$L$6,3,FALSE) -> 0.88 | W29: =기초자료!FI29 -> 0.88241223 | X29: =기초자료!FJ29 -> 0.77646437 | Y29: =기초자료!FK29 -> 0.79886255 | Z29: =VLOOKUP(F29,'목표실차율, 안정적가동률'!$J$3:$L$6,3,FALSE) -> 0.88 | AA29: =기초자료!GP29 -> #DIV/0! | AB29: =기초자료!GQ29 -> #DIV/0! | AC29: =기초자료!GR29 -> 0 | AD29: =ROUND(J29*(Q29/N29)*(Y29/V29),0) -> 1825 | AE29: =ROUND(J29*(Q29/N29*0.8+U29/R29*0.2)*(Y29/V29),0) -> 1793 | AF29: =AG29 -> 2027.4016 | AG29: =VLOOKUP(B29,'[1]Jan-Dec'!$B$2:$AY$61,50,0) -> 2027.4016 | AH29: =ROUND(J29*(Q29/N29*0.8+U29/R29*0.2)*(AC29/Z29),0) -> 0 | AJ29: =J29-AD29 -> 331 | AK29: =J29-AF29 -> 128.59835 | AM29: =ROUND(G29/J29,0) -> 427 | AO29: =IF(AM29>312,ROUND(AD29*0.1,0),0) -> 183 | AP29: =AD29+AO29 -> 2008 | AQ29: =J29-AP29 -> 148 | AS29: =IF(AM29>312,ROUND(AF29*0.1,0),0) -> 203 | AT29: =AS29+AF29 -> 2230.4016 | AU29: =J29-AT29 -> -74.401649 | AW29: =IF(AF29*1.15>J29,ROUND(AF29*0.15,0),0) -> 304 | AX29: =AF29+AW29 -> 2331.4016 | AY29: =J29-AX29 -> -175.40165 | BA29: =IF(AF29*1.2>J29,ROUND(AF29*0.2,0),0) -> 405 | BB29: =AF29+BA29 -> 2432.4016 | BC29: =J29-BB29 -> -276.40165
A30: 경기도 성남시 | B30: 성남시 | C30: 시 | D30: 50~100만 이하 | E30: 100만 이하 | F30: 10부 | G30: 917374 | H30: 1085 | I30: 2512 | J30: 3597 | K30: =기초자료!AV30/기초자료!I30 -> 0.97851791 | L30: =기초자료!AW30/기초자료!J30 -> 0.78826484 | M30: =기초자료!AX30/기초자료!K30 -> 0.83540064 | N30: =VLOOKUP(E30,'목표실차율, 안정적가동률'!$A$3:$C$9,3,FALSE) -> 0.5 | O30: =기초자료!CI30 -> 0.49143178 | P30: =기초자료!CJ30 -> 0.35396948 | Q30: =기초자료!CK30 -> 0.39386065 | R30: =VLOOKUP(E30,'목표실차율, 안정적가동률'!$F$3:$G$9,2,FALSE) -> 0.38 | S30: =기초자료!DV30 -> 0.34889921 | T30: =기초자료!DW30 -> 0.26777093 | U30: =기초자료!DX30 -> 0.29131412 | V30: =VLOOKUP(F30,'목표실차율, 안정적가동률'!$J$3:$L$6,3,FALSE) -> 0.88 | W30: =기초자료!FI30 -> 0.84200889 | X30: =기초자료!FJ30 -> 0.74082748 | Y30: =기초자료!FK30 -> 0.77019004 | Z30: =VLOOKUP(F30,'목표실차율, 안정적가동률'!$J$3:$L$6,3,FALSE) -> 0.88 | AA30: =기초자료!GP30 -> #DIV/0! | AB30: =기초자료!GQ30 -> #DIV/0! | AC30: =기초자료!GR30 -> 0 | AD30: =ROUND(J30*(Q30/N30)*(Y30/V30),0) -> 2480 | AE30: =ROUND(J30*(Q30/N30*0.8+U30/R30*0.2)*(Y30/V30),0) -> 2467 | AF30: =AE30 -> 2467 | AG30: =VLOOKUP(B30,'[1]Jan-Dec'!$B$2:$AY$61,50,0) -> #N/A | AH30: =ROUND(J30*(Q30/N30*0.8+U30/R30*0.2)*(AC30/Z30),0) -> 0 | AJ30: =J30-AD30 -> 1117 | AK30: =J30-AF30 -> 1130 | AM30: =ROUND(G30/J30,0) -> 255 | AO30: =IF(AM30>312,ROUND(AD30*0.1,0),0) -> 0 | AP30: =AD30+AO30 -> 2480 | AQ30: =J30-AP30 -> 1117 | AS30: =IF(AM30>312,ROUND(AF30*0.1,0),0) -> 0 | AT30: =AS30+AF30 -> 2467 | AU30: =J30-AT30 -> 1130 | AW30: =IF(AF30*1.15>J30,ROUND(AF30*0.15,0),0) -> 0 | AX30: =AF30+AW30 -> 2467 | AY30: =J30-AX30 -> 1130 | BA30: =IF(AF30*1.2>J30,ROUND(AF30*0.2,0),0) -> 0 | BB30: =AF30+BA30 -> 2467 | BC30: =J30-BB30 -> 1130
A31: 경기도 수원시 | B31: 수원시 | C31: 시 | D31: 100~500만 이하 | E31: 200만 이하 | F31: 10부 | G31: 1195718 | H31: 1570 | I31: 3129 | J31: 4699 | K31: =기초자료!AV31/기초자료!I31 -> 0.90242947 | L31: =기초자료!AW31/기초자료!J31 -> 0.87015606 | M31: =기초자료!AX31/기초자료!K31 -> 0.87905314 | N31: =VLOOKUP(E31,'목표실차율, 안정적가동률'!$A$3:$C$9,3,FALSE) -> 0.51 | O31: =기초자료!CI31 -> 0.57949047 | P31: =기초자료!CJ31 -> 0.53675968 | Q31: =기초자료!CK31 -> 0.54885288 | R31: =VLOOKUP(E31,'목표실차율, 안정적가동률'!$F$3:$G$9,2,FALSE) -> 0.45 | S31: =기초자료!DV31 -> 0.41911937 | T31: =기초자료!DW31 -> 0.42791464 | U31: =기초자료!DX31 -> 0.4254255 | V31: =VLOOKUP(F31,'목표실차율, 안정적가동률'!$J$3:$L$6,3,FALSE) -> 0.88 | W31: =기초자료!FI31 -> 0.85722987 | X31: =기초자료!FJ31 -> 0.75554997 | Y31: =기초자료!FK31 -> 0.78432632 | Z31: =VLOOKUP(F31,'목표실차율, 안정적가동률'!$J$3:$L$6,3,FALSE) -> 0.88 | AA31: =기초자료!GP31 -> #DIV/0! | AB31: =기초자료!GQ31 -> #DIV/0! | AC31: =기초자료!GR31 -> 0 | AD31: =ROUND(J31*(Q31/N31)*(Y31/V31),0) -> 4507 | AE31: =ROUND(J31*(Q31/N31*0.8+U31/R31*0.2)*(Y31/V31),0) -> 4398 | AF31: =AE31 -> 4398 | AG31: =VLOOKUP(B31,'[1]Jan-Dec'!$B$2:$AY$61,50,0) -> #N/A | AH31: =ROUND(J31*(Q31/N31*0.8+U31/R31*0.2)*(AC31/Z31),0) -> 0 | AJ31: =J31-AD31 -> 192 | AK31: =J31-AF31 -> 301 | AM31: =ROUND(G31/J31,0) -> 254 | AO31: =IF(AM31>312,ROUND(AD31*0.1,0),0) -> 0 | AP31: =AD31+AO31 -> 4507 | AQ31: =J31-AP31 -> 192 | AS31: =IF(AM31>312,ROUND(AF31*0.1,0),0) -> 0 | AT31: =AS31+AF31 -> 4398 | AU31: =J31-AT31 -> 301 | AW31: =IF(AF31*1.15>J31,ROUND(AF31*0.15,0),0) -> 660 | AX31: =AF31+AW31 -> 5058 | AY31: =J31-AX31 -> -359 | BA31: =IF(AF31*1.2>J31,ROUND(AF31*0.2,0),0) -> 880 | BB31: =AF31+BA31 -> 5278 | BC31: =J31-BB31 -> -579
A32: 경기도 시흥시 | B32: 시흥시 | C32: 시 | D32: 50~100만 이하 | E32: 100만 이하 | F32: 10부 | G32: 518174 | H32: 275 | I32: 1090 | J32: 1365 | K32: =기초자료!AV32/기초자료!I32 -> 0.95286388 | L32: =기초자료!AW32/기초자료!J32 -> 0.87347098 | M32: =기초자료!AX32/기초자료!K32 -> 0.88853436 | N32: =VLOOKUP(E32,'목표실차율, 안정적가동률'!$A$3:$C$9,3,FALSE) -> 0.5 | O32: =기초자료!CI32 -> 0.55021027 | P32: =기초자료!CJ32 -> 0.49700769 | Q32: =기초자료!CK32 -> 0.50783275 | R32: =VLOOKUP(E32,'목표실차율, 안정적가동률'!$F$3:$G$9,2,FALSE) -> 0.38 | S32: =기초자료!DV32 -> 0.39636569 | T32: =기초자료!DW32 -> 0.34669526 | U32: =기초자료!DX32 -> 0.35680163 | V32: =VLOOKUP(F32,'목표실차율, 안정적가동률'!$J$3:$L$6,3,FALSE) -> 0.88 | W32: =기초자료!FI32 -> 0.83695921 | X32: =기초자료!FJ32 -> 0.780138 | Y32: =기초자료!FK32 -> 0.79169933 | Z32: =VLOOKUP(F32,'목표실차율, 안정적가동률'!$J$3:$L$6,3,FALSE) -> 0.88 | AA32: =기초자료!GP32 -> #DIV/0! | AB32: =기초자료!GQ32 -> #DIV/0! | AC32: =기초자료!GR32 -> 0 | AD32: =ROUND(J32*(Q32/N32)*(Y32/V32),0) -> 1247 | AE32: =ROUND(J32*(Q32/N32*0.8+U32/R32*0.2)*(Y32/V32),0) -> 1228 | AF32: =AE32 -> 1228 | AG32: =VLOOKUP(B32,'[1]Jan-Dec'!$B$2:$AY$61,50,0) -> #N/A | AH32: =ROUND(J32*(Q32/N32*0.8+U32/R32*0.2)*(AC32/Z32),0) -> 0 | AJ32: =J32-AD32 -> 118 | AK32: =J32-AF32 -> 137 | AM32: =ROUND(G32/J32,0) -> 380 | AO32: =IF(AM32>312,ROUND(AD32*0.1,0),0) -> 125 | AP32: =AD32+AO32 -> 1372 | AQ32: =J32-AP32 -> -7 | AS32: =IF(AM32>312,ROUND(AF32*0.1,0),0) -> 123 | AT32: =AS32+AF32 -> 1351 | AU32: =J32-AT32 -> 14 | AW32: =IF(AF32*1.15>J32,ROUND(AF32*0.15,0),0) -> 184 | AX32: =AF32+AW32 -> 1412 | AY32: =J32-AX32 -> -47 | BA32: =IF(AF32*1.2>J32,ROUND(AF32*0.2,0),0) -> 246 | BB32: =AF32+BA32 -> 1474 | BC32: =J32-BB32 -> -109
A33: 경기도 안산시 | B33: 안산시 | C33: 시 | D33: 50~100만 이하 | E33: 100만 이하 | F33: 10부 | G33: 633417 | H33: 525 | I33: 2085 | J33: 2610 | K33: =기초자료!AV33/기초자료!I33 -> 0.95584613 | L33: =기초자료!AW33/기초자료!J33 -> 0.88222819 | M33: =기초자료!AX33/기초자료!K33 -> 0.89528803 | N33: =VLOOKUP(E33,'목표실차율, 안정적가동률'!$A$3:$C$9,3,FALSE) -> 0.5 | O33: =기초자료!CI33 -> 0.55859556 | P33: =기초자료!CJ33 -> 0.49133162 | Q33: =기초자료!CK33 -> 0.50407139 | R33: =VLOOKUP(E33,'목표실차율, 안정적가동률'!$F$3:$G$9,2,FALSE) -> 0.38 | S33: =기초자료!DV33 -> 0.43765726 | T33: =기초자료!DW33 -> 0.3771846 | U33: =기초자료!DX33 -> 0.3886381 | V33: =VLOOKUP(F33,'목표실차율, 안정적가동률'!$J$3:$L$6,3,FALSE) -> 0.88 | W33: =기초자료!FI33 -> 0.83957922 | X33: =기초자료!FJ33 -> 0.78546619 | Y33: =기초자료!FK33 -> 0.79571518 | Z33: =VLOOKUP(F33,'목표실차율, 안정적가동률'!$J$3:$L$6,3,FALSE) -> 0.88 | AA33: =기초자료!GP33 -> #DIV/0! | AB33: =기초자료!GQ33 -> #DIV/0! | AC33: =기초자료!GR33 -> 0 | AD33: =ROUND(J33*(Q33/N33)*(Y33/V33),0) -> 2379 | AE33: =ROUND(J33*(Q33/N33*0.8+U33/R33*0.2)*(Y33/V33),0) -> 2386 | AF33: =AE33 -> 2386 | AG33: =VLOOKUP(B33,'[1]Jan-Dec'!$B$2:$AY$61,50,0) -> #N/A | AH33: =ROUND(J33*(Q33/N33*0.8+U33/R33*0.2)*(AC33/Z33),0) -> 0 | AJ33: =J33-AD33 -> 231 | AK33: =J33-AF33 -> 224 | AM33: =ROUND(G33/J33,0) -> 243 | AO33: =IF(AM33>312,ROUND(AD33*0.1,0),0) -> 0 | AP33: =AD33+AO33 -> 2379 | AQ33: =J33-AP33 -> 231 | AS33: =IF(AM33>312,ROUND(AF33*0.1,0),0) -> 0 | AT33: =AS33+AF33 -> 2386 | AU33: =J33-AT33 -> 224 | AW33: =IF(AF33*1.15>J33,ROUND(AF33*0.15,0),0) -> 358 | AX33: =AF33+AW33 -> 2744 | AY33: =J33-AX33 -> -134 | BA33: =IF(AF33*1.2>J33,ROUND(AF33*0.2,0),0) -> 477 | BB33: =AF33+BA33 -> 2863 | BC33: =J33-BB33 -> -253
A34: 경기도 안성시 | B34: 안성시 | C34: 시 | D34: 20만 이하 | E34: 20만 이하 | F34: 10부 | G34: 189456 | H34: 112 | I34: 291 | J34: 403 | K34: =기초자료!AV34/기초자료!I34 -> 0.89903102 | L34: =기초자료!AW34/기초자료!J34 -> 0.93643934 | M34: =기초자료!AX34/기초자료!K34 -> 0.92737951 | N34: =VLOOKUP(E34,'목표실차율, 안정적가동률'!$A$3:$C$9,3,FALSE) -> 0.48 | O34: =기초자료!CI34 -> 0.45683507 | P34: =기초자료!CJ34 -> 0.42458525 | Q34: =기초자료!CK34 -> 0.432157 | R34: =VLOOKUP(E34,'목표실차율, 안정적가동률'!$F$3:$G$9,2,FALSE) -> 0.25 | S34: =기초자료!DV34 -> 0.29200493 | T34: =기초자료!DW34 -> 0.30637707 | U34: =기초자료!DX34 -> 0.30300272 | V34: =VLOOKUP(F34,'목표실차율, 안정적가동률'!$J$3:$L$6,3,FALSE) -> 0.88 | W34: =기초자료!FI34 -> 0.83828225 | X34: =기초자료!FJ34 -> 0.77815937 | Y34: =기초자료!FK34 -> 0.79227527 | Z34: =VLOOKUP(F34,'목표실차율, 안정적가동률'!$J$3:$L$6,3,FALSE) -> 0.88 | AA34: =기초자료!GP34 -> #DIV/0! | AB34: =기초자료!GQ34 -> #DIV/0! | AC34: =기초자료!GR34 -> 0 | AD34: =ROUND(J34*(Q34/N34)*(Y34/V34),0) -> 327 | AE34: =ROUND(J34*(Q34/N34*0.8+U34/R34*0.2)*(Y34/V34),0) -> 349 | AF34: =AG34 -> 360.60378 | AG34: =VLOOKUP(B34,'[1]Jan-Dec'!$B$2:$AY$61,50,0) -> 360.60378 | AH34: =ROUND(J34*(Q34/N34*0.8+U34/R34*0.2)*(AC34/Z34),0) -> 0 | AJ34: =J34-AD34 -> 76 | AK34: =J34-AF34 -> 42.396222 | AM34: =ROUND(G34/J34,0) -> 470 | AO34: =IF(AM34>312,ROUND(AD34*0.1,0),0) -> 33 | AP34: =AD34+AO34 -> 360 | AQ34: =J34-AP34 -> 43 | AS34: =IF(AM34>312,ROUND(AF34*0.1,0),0) -> 36 | AT34: =AS34+AF34 -> 396.60378 | AU34: =J34-AT34 -> 6.3962224 | AW34: =IF(AF34*1.15>J34,ROUND(AF34*0.15,0),0) -> 54 | AX34: =AF34+AW34 -> 414.60378 | AY34: =J34-AX34 -> -11.603778 | BA34: =IF(AF34*1.2>J34,ROUND(AF34*0.2,0),0) -> 72 | BB34: =AF34+BA34 -> 432.60378 | BC34: =J34-BB34 -> -29.603778
A35: 경기도 양주시 | B35: 양주시 | C35: 시 | D35: 20~50만 이하 | E35: 50만 이하 | F35: 10부 | G35: 263610 | H35: 109 | I35: 283 | J35: 392 | K35: =기초자료!AV35/기초자료!I35 -> 0.91808461 | L35: =기초자료!AW35/기초자료!J35 -> 0.88169948 | M35: =기초자료!AX35/기초자료!K35 -> 0.89077163 | N35: =VLOOKUP(E35,'목표실차율, 안정적가동률'!$A$3:$C$9,3,FALSE) -> 0.49 | O35: =기초자료!CI35 -> 0.45462279 | P35: =기초자료!CJ35 -> 0.52895531 | Q35: =기초자료!CK35 -> 0.50985318 | R35: =VLOOKUP(E35,'목표실차율, 안정적가동률'!$F$3:$G$9,2,FALSE) -> 0.34 | S35: =기초자료!DV35 -> 0.32104549 | T35: =기초자료!DW35 -> 0.3767703 | U35: =기초자료!DX35 -> 0.36245002 | V35: =VLOOKUP(F35,'목표실차율, 안정적가동률'!$J$3:$L$6,3,FALSE) -> 0.88 | W35: =기초자료!FI35 -> 0.79911273 | X35: =기초자료!FJ35 -> 0.77305517 | Y35: =기초자료!FK35 -> 0.7797515 | Z35: =VLOOKUP(F35,'목표실차율, 안정적가동률'!$J$3:$L$6,3,FALSE) -> 0.88 | AA35: =기초자료!GP35 -> #DIV/0! | AB35: =기초자료!GQ35 -> #DIV/0! | AC35: =기초자료!GR35 -> 0 | AD35: =ROUND(J35*(Q35/N35)*(Y35/V35),0) -> 361 | AE35: =ROUND(J35*(Q35/N35*0.8+U35/R35*0.2)*(Y35/V35),0) -> 363 | AF35: =AG35 -> 402.16937 | AG35: =VLOOKUP(B35,'[1]Jan-Dec'!$B$2:$AY$61,50,0) -> 402.16937 | AH35: =ROUND(J35*(Q35/N35*0.8+U35/R35*0.2)*(AC35/Z35),0) -> 0 | AJ35: =J35-AD35 -> 31 | AK35: =J35-AF35 -> -10.169372 | AM35: =ROUND(G35/J35,0) -> 672 | AO35: =IF(AM35>312,ROUND(AD35*0.1,0),0) -> 36 | AP35: =AD35+AO35 -> 397 | AQ35: =J35-AP35 -> -5 | AS35: =IF(AM35>312,ROUND(AF35*0.1,0),0) -> 40 | AT35: =AS35+AF35 -> 442.16937 | AU35: =J35-AT35 -> -50.169372 | AW35: =IF(AF35*1.15>J35,ROUND(AF35*0.15,0),0) -> 60 | AX35: =AF35+AW35 -> 462.16937 | AY35: =J35-AX35 -> -70.169372 | BA35: =IF(AF35*1.2>J35,ROUND(AF35*0.2,0),0) -> 80 | BB35: =AF35+BA35 -> 482.16937 | BC35: =J35-BB35 -> -90.169372
A36: 경기도 양평군 | B36: 양평군 | C36: 군 | D36: 군지역 | E36: 군지역 | F36: 10부 | G36: 124241 | H36: 52 | I36: 161 | J36: 213 | K36: =기초자료!AV36/기초자료!I36 -> 0.91800071 | L36: =기초자료!AW36/기초자료!J36 -> 0.94560721 | M36: =기초자료!AX36/기초자료!K36 -> 0.93923648 | N36: =VLOOKUP(E36,'목표실차율, 안정적가동률'!$A$3:$C$9,3,FALSE) -> 0.46 | O36: =기초자료!CI36 -> 0.44105492 | P36: =기초자료!CJ36 -> 0.3806816 | Q36: =기초자료!CK36 -> 0.3942989 | R36: =VLOOKUP(E36,'목표실차율, 안정적가동률'!$F$3:$G$9,2,FALSE) -> 0.25 | S36: =기초자료!DV36 -> 0.30465867 | T36: =기초자료!DW36 -> 0.24607572 | U36: =기초자료!DX36 -> 0.2592892 | V36: =VLOOKUP(F36,'목표실차율, 안정적가동률'!$J$3:$L$6,3,FALSE) -> 0.88 | W36: =기초자료!FI36 -> 0.75935501 | X36: =기초자료!FJ36 -> 0.78081119 | Y36: =기초자료!FK36 -> 0.77597171 | Z36: =VLOOKUP(F36,'목표실차율, 안정적가동률'!$J$3:$L$6,3,FALSE) -> 0.88 | AA36: =기초자료!GP36 -> #DIV/0! | AB36: =기초자료!GQ36 -> #DIV/0! | AC36: =기초자료!GR36 -> 0 | AD36: =ROUND(J36*(Q36/N36)*(Y36/V36),0) -> 161 | AE36: =ROUND(J36*(Q36/N36*0.8+U36/R36*0.2)*(Y36/V36),0) -> 168 | AF36: =AE36 -> 168 | AG36: =VLOOKUP(B36,'[1]Jan-Dec'!$B$2:$AY$61,50,0) -> #N/A | AH36: =ROUND(J36*(Q36/N36*0.8+U36/R36*0.2)*(AC36/Z36),0) -> 0 | AJ36: =J36-AD36 -> 52 | AK36: =J36-AF36 -> 45 | AM36: =ROUND(G36/J36,0) -> 583 | AO36: =IF(AM36>312,ROUND(AD36*0.1,0),0) -> 16 | AP36: =AD36+AO36 -> 177 | AQ36: =J36-AP36 -> 36 | AS36: =IF(AM36>312,ROUND(AF36*0.1,0),0) -> 17 | AT36: =AS36+AF36 -> 185 | AU36: =J36-AT36 -> 28 | AW36: =IF(AF36*1.15>J36,ROUND(AF36*0.15,0),0) -> 0 | AX36: =AF36+AW36 -> 168 | AY36: =J36-AX36 -> 45 | BA36: =IF(AF36*1.2>J36,ROUND(AF36*0.2,0),0) -> 0 | BB36: =AF36+BA36 -> 168 | BC36: =J36-BB36 -> 45
A37: 경기도 여주시 | B37: 여주시 | C37: 시 | D37: 20만 이하 | E37: 20만 이하 | F37: 10부 | G37: 114253 | H37: 77 | I37: 165 | J37: 242 | K37: =기초자료!AV37/기초자료!I37 -> 1.0488525 | L37: =기초자료!AW37/기초자료!J37 -> 0.90957976 | M37: =기초자료!AX37/기초자료!K37 -> 0.94937197 | N37: =VLOOKUP(E37,'목표실차율, 안정적가동률'!$A$3:$C$9,3,FALSE) -> 0.48 | O37: =기초자료!CI37 -> 0.43559016 | P37: =기초자료!CJ37 -> 0.2775685 | Q37: =기초자료!CK37 -> 0.32744851 | R37: =VLOOKUP(E37,'목표실차율, 안정적가동률'!$F$3:$G$9,2,FALSE) -> 0.25 | S37: =기초자료!DV37 -> 0.26364857 | T37: =기초자료!DW37 -> 0.19439221 | U37: =기초자료!DX37 -> 0.21625319 | V37: =VLOOKUP(F37,'목표실차율, 안정적가동률'!$J$3:$L$6,3,FALSE) -> 0.88 | W37: =기초자료!FI37 -> 0.90646818 | X37: =기초자료!FJ37 -> 0.78552631 | Y37: =기초자료!FK37 -> 0.82370198 | Z37: =VLOOKUP(F37,'목표실차율, 안정적가동률'!$J$3:$L$6,3,FALSE) -> 0.88 | AA37: =기초자료!GP37 -> #DIV/0! | AB37: =기초자료!GQ37 -> #DIV/0! | AC37: =기초자료!GR37 -> 0 | AD37: =ROUND(J37*(Q37/N37)*(Y37/V37),0) -> 155 | AE37: =ROUND(J37*(Q37/N37*0.8+U37/R37*0.2)*(Y37/V37),0) -> 163 | AF37: =AG37 -> 168.18464 | AG37: =VLOOKUP(B37,'[1]Jan-Dec'!$B$2:$AY$61,50,0) -> 168.18464 | AH37: =ROUND(J37*(Q37/N37*0.8+U37/R37*0.2)*(AC37/Z37),0) -> 0 | AJ37: =J37-AD37 -> 87 | AK37: =J37-AF37 -> 73.815359 | AM37: =ROUND(G37/J37,0) -> 472 | AO37: =IF(AM37>312,ROUND(AD37*0.1,0),0) -> 16 | AP37: =AD37+AO37 -> 171 | AQ37: =J37-AP37 -> 71 | AS37: =IF(AM37>312,ROUND(AF37*0.1,0),0) -> 17 | AT37: =AS37+AF37 -> 185.18464 | AU37: =J37-AT37 -> 56.815359 | AW37: =IF(AF37*1.15>J37,ROUND(AF37*0.15,0),0) -> 0 | AX37: =AF37+AW37 -> 168.18464 | AY37: =J37-AX37 -> 73.815359 | BA37: =IF(AF37*1.2>J37,ROUND(AF37*0.2,0),0) -> 0 | BB37: =AF37+BA37 -> 168.18464 | BC37: =J37-BB37 -> 73.815359
A38: 경기도 연천군 | B38: 연천군 | C38: 군 | D38: 군지역 | E38: 군지역 | F38: 10부 | G38: 41705 | H38: 12 | I38: 49 | J38: 61 | K38: =기초자료!AV38/기초자료!I38 -> 0.94475111 | L38: =기초자료!AW38/기초자료!J38 -> 0.91926719 | M38: =기초자료!AX38/기초자료!K38 -> 0.92428042 | N38: =VLOOKUP(E38,'목표실차율, 안정적가동률'!$A$3:$C$9,3,FALSE) -> 0.46 | O38: =기초자료!CI38 -> 0.46761575 | P38: =기초자료!CJ38 -> 0.42188898 | Q38: =기초자료!CK38 -> 0.43108364 | R38: =VLOOKUP(E38,'목표실차율, 안정적가동률'!$F$3:$G$9,2,FALSE) -> 0.25 | S38: =기초자료!DV38 -> 0.2884429 | T38: =기초자료!DW38 -> 0.34304476 | U38: =기초자료!DX38 -> 0.33206552 | V38: =VLOOKUP(F38,'목표실차율, 안정적가동률'!$J$3:$L$6,3,FALSE) -> 0.88 | W38: =기초자료!FI38 -> 0.83079351 | X38: =기초자료!FJ38 -> 0.7647711 | Y38: =기초자료!FK38 -> 0.77804677 | Z38: =VLOOKUP(F38,'목표실차율, 안정적가동률'!$J$3:$L$6,3,FALSE) -> 0.88 | AA38: =기초자료!GP38 -> #DIV/0! | AB38: =기초자료!GQ38 -> #DIV/0! | AC38: =기초자료!GR38 -> 0 | AD38: =ROUND(J38*(Q38/N38)*(Y38/V38),0) -> 51 | AE38: =ROUND(J38*(Q38/N38*0.8+U38/R38*0.2)*(Y38/V38),0) -> 55 | AF38: =AE38 -> 55 | AG38: =VLOOKUP(B38,'[1]Jan-Dec'!$B$2:$AY$61,50,0) -> #N/A | AH38: =ROUND(J38*(Q38/N38*0.8+U38/R38*0.2)*(AC38/Z38),0) -> 0 | AJ38: =J38-AD38 -> 10 | AK38: =J38-AF38 -> 6 | AM38: =ROUND(G38/J38,0) -> 684 | AO38: =IF(AM38>312,ROUND(AD38*0.1,0),0) -> 5 | AP38: =AD38+AO38 -> 56 | AQ38: =J38-AP38 -> 5 | AS38: =IF(AM38>312,ROUND(AF38*0.1,0),0) -> 6 | AT38: =AS38+AF38 -> 61 | AU38: =J38-AT38 -> 0 | AW38: =IF(AF38*1.15>J38,ROUND(AF38*0.15,0),0) -> 8 | AX38: =AF38+AW38 -> 63 | AY38: =J38-AX38 -> -2 | BA38: =IF(AF38*1.2>J38,ROUND(AF38*0.2,0),0) -> 11 | BB38: =AF38+BA38 -> 66 | BC38: =J38-BB38 -> -5
A39: 경기도 용인시 | B39: 용인시 | C39: 시 | D39: 100~500만 이하 | E39: 200만 이하 | F39: 10부 | G39: 1077224 | H39: 337 | I39: 1580 | J39: 1917 | K39: =기초자료!AV39/기초자료!I39 -> 0.88282708 | L39: =기초자료!AW39/기초자료!J39 -> 0.87629382 | M39: =기초자료!AX39/기초자료!K39 -> 0.87722359 | N39: =VLOOKUP(E39,'목표실차율, 안정적가동률'!$A$3:$C$9,3,FALSE) -> 0.51 | O39: =기초자료!CI39 -> 0.58185203 | P39: =기초자료!CJ39 -> 0.52838089 | Q39: =기초자료!CK39 -> 0.53603918 | R39: =VLOOKUP(E39,'목표실차율, 안정적가동률'!$F$3:$G$9,2,FALSE) -> 0.45 | S39: =기초자료!DV39 -> 0.43673263 | T39: =기초자료!DW39 -> 0.38570434 | U39: =기초자료!DX39 -> 0.39301277 | V39: =VLOOKUP(F39,'목표실차율, 안정적가동률'!$J$3:$L$6,3,FALSE) -> 0.88 | W39: =기초자료!FI39 -> 0.86635664 | X39: =기초자료!FJ39 -> 0.74521136 | Y39: =기초자료!FK39 -> 0.76256216 | Z39: =VLOOKUP(F39,'목표실차율, 안정적가동률'!$J$3:$L$6,3,FALSE) -> 0.88 | AA39: =기초자료!GP39 -> #DIV/0! | AB39: =기초자료!GQ39 -> #DIV/0! | AC39: =기초자료!GR39 -> 0 | AD39: =ROUND(J39*(Q39/N39)*(Y39/V39),0) -> 1746 | AE39: =ROUND(J39*(Q39/N39*0.8+U39/R39*0.2)*(Y39/V39),0) -> 1687 | AF39: =AG39 -> 2054.0739 | AG39: =VLOOKUP(B39,'[1]Jan-Dec'!$B$2:$AY$61,50,0) -> 2054.0739 | AH39: =ROUND(J39*(Q39/N39*0.8+U39/R39*0.2)*(AC39/Z39),0) -> 0 | AJ39: =J39-AD39 -> 171 | AK39: =J39-AF39 -> -137.07385 | AM39: =ROUND(G39/J39,0) -> 562 | AO39: =IF(AM39>312,ROUND(AD39*0.1,0),0) -> 175 | AP39: =AD39+AO39 -> 1921 | AQ39: =J39-AP39 -> -4 | AS39: =IF(AM39>312,ROUND(AF39*0.1,0),0) -> 205 | AT39: =AS39+AF39 -> 2259.0739 | AU39: =J39-AT39 -> -342.07385 | AW39: =IF(AF39*1.15>J39,ROUND(AF39*0.15,0),0) -> 308 | AX39: =AF39+AW39 -> 2362.0739 | AY39: =J39-AX39 -> -445.07385 | BA39: =IF(AF39*1.2>J39,ROUND(AF39*0.2,0),0) -> 411 | BB39: =AF39+BA39 -> 2465.0739 | BC39: =J39-BB39 -> -548.07385
A40: 경기도 의정부시 | B40: 의정부시 | C40: 시 | D40: 20~50만 이하 | E40: 50만 이하 | F40: 10부 | G40: 464909 | H40: 538 | I40: 876 | J40: 1414 | K40: =기초자료!AV40/기초자료!I40 -> 0.91061441 | L40: =기초자료!AW40/기초자료!J40 -> 0.87542496 | M40: =기초자료!AX40/기초자료!K40 -> 0.88784783 | N40: =VLOOKUP(E40,'목표실차율, 안정적가동률'!$A$3:$C$9,3,FALSE) -> 0.49 | O40: =기초자료!CI40 -> 0.49728656 | P40: =기초자료!CJ40 -> 0.47360359 | Q40: =기초자료!CK40 -> 0.48217873 | R40: =VLOOKUP(E40,'목표실차율, 안정적가동률'!$F$3:$G$9,2,FALSE) -> 0.34 | S40: =기초자료!DV40 -> 0.3666101 | T40: =기초자료!DW40 -> 0.37640949 | U40: =기초자료!DX40 -> 0.37286132 | V40: =VLOOKUP(F40,'목표실차율, 안정적가동률'!$J$3:$L$6,3,FALSE) -> 0.88 | W40: =기초자료!FI40 -> 0.87742422 | X40: =기초자료!FJ40 -> 0.74812049 | Y40: =기초자료!FK40 -> 0.79493886 | Z40: =VLOOKUP(F40,'목표실차율, 안정적가동률'!$J$3:$L$6,3,FALSE) -> 0.88 | AA40: =기초자료!GP40 -> #DIV/0! | AB40: =기초자료!GQ40 -> #DIV/0! | AC40: =기초자료!GR40 -> 0 | AD40: =ROUND(J40*(Q40/N40)*(Y40/V40),0) -> 1257 | AE40: =ROUND(J40*(Q40/N40*0.8+U40/R40*0.2)*(Y40/V40),0) -> 1286 | AF40: =AE40 -> 1286 | AG40: =VLOOKUP(B40,'[1]Jan-Dec'!$B$2:$AY$61,50,0) -> #N/A | AH40: =ROUND(J40*(Q40/N40*0.8+U40/R40*0.2)*(AC40/Z40),0) -> 0 | AJ40: =J40-AD40 -> 157 | AK40: =J40-AF40 -> 128 | AM40: =ROUND(G40/J40,0) -> 329 | AO40: =IF(AM40>312,ROUND(AD40*0.1,0),0) -> 126 | AP40: =AD40+AO40 -> 1383 | AQ40: =J40-AP40 -> 31 | AS40: =IF(AM40>312,ROUND(AF40*0.1,0),0) -> 129 | AT40: =AS40+AF40 -> 1415 | AU40: =J40-AT40 -> -1 | AW40: =IF(AF40*1.15>J40,ROUND(AF40*0.15,0),0) -> 193 | AX40: =AF40+AW40 -> 1479 | AY40: =J40-AX40 -> -65 | BA40: =IF(AF40*1.2>J40,ROUND(AF40*0.2,0),0) -> 257 | BB40: =AF40+BA40 -> 1543 | BC40: =J40-BB40 -> -129
A41: 경기도 광주·하남 통합사업구역 | B41: 광주·하남 통합사업구역 | C41: 시 | D41: 50~100만 이하 | E41: 100만 이하 | F41: 10부 | G41: 721529 | H41: 202 | I41: 718 | J41: 920 | K41: =기초자료!AV41/기초자료!I41 -> 0.93314159 | L41: =기초자료!AW41/기초자료!J41 -> 0.91671825 | M41: =기초자료!AX41/기초자료!K41 -> 0.91994209 | N41: =VLOOKUP(E41,'목표실차율, 안정적가동률'!$A$3:$C$9,3,FALSE) -> 0.5 | O41: =기초자료!CI41 -> 0.54554234 | P41: =기초자료!CJ41 -> 0.43034146 | Q41: =기초자료!CK41 -> 0.45327943 | R41: =VLOOKUP(E41,'목표실차율, 안정적가동률'!$F$3:$G$9,2,FALSE) -> 0.38 | S41: =기초자료!DV41 -> 0.38399423 | T41: =기초자료!DW41 -> 0.30865063 | U41: =기초자료!DX41 -> 0.32365251 | V41: =VLOOKUP(F41,'목표실차율, 안정적가동률'!$J$3:$L$6,3,FALSE) -> 0.88 | W41: =기초자료!FI41 -> 0.86844216 | X41: =기초자료!FJ41 -> 0.79612894 | Y41: =기초자료!FK41 -> 0.81052742 | Z41: =VLOOKUP(F41,'목표실차율, 안정적가동률'!$J$3:$L$6,3,FALSE) -> 0.88 | AA41: =기초자료!GP41 -> #DIV/0! | AB41: =기초자료!GQ41 -> #DIV/0! | AC41: =기초자료!GR41 -> 0 | AD41: =ROUND(J41*(Q41/N41)*(Y41/V41),0) -> 768 | AE41: =ROUND(J41*(Q41/N41*0.8+U41/R41*0.2)*(Y41/V41),0) -> 759 | AF41: =AG41 -> 816.02387 | AG41: =VLOOKUP(B41,'[1]Jan-Dec'!$B$2:$AY$61,50,0) -> 816.02387 | AH41: =ROUND(J41*(Q41/N41*0.8+U41/R41*0.2)*(AC41/Z41),0) -> 0 | AJ41: =J41-AD41 -> 152 | AK41: =J41-AF41 -> 103.97613 | AM41: =ROUND(G41/J41,0) -> 784 | AO41: =IF(AM41>312,ROUND(AD41*0.1,0),0) -> 77 | AP41: =AD41+AO41 -> 845 | AQ41: =J41-AP41 -> 75 | AS41: =IF(AM41>312,ROUND(AF41*0.1,0),0) -> 82 | AT41: =AS41+AF41 -> 898.02387 | AU41: =J41-AT41 -> 21.976128 | AW41: =IF(AF41*1.15>J41,ROUND(AF41*0.15,0),0) -> 122 | AX41: =AF41+AW41 -> 938.02387 | AY41: =J41-AX41 -> -18.023872 | BA41: =IF(AF41*1.2>J41,ROUND(AF41*0.2,0),0) -> 163 | BB41: =AF41+BA41 -> 979.02387 | BC41: =J41-BB41 -> -59.023872
A42: 경기도 이천시 | B42: 이천시 | C42: 시 | D42: 20~50만 이하 | E42: 50만 이하 | F42: 10부 | G42: 223581 | H42: 178 | I42: 340 | J42: 518 | K42: =기초자료!AV42/기초자료!I42 -> 0.71447195 | L42: =기초자료!AW42/기초자료!J42 -> 0.88777472 | M42: =기초자료!AX42/기초자료!K42 -> 0.82955583 | N42: =VLOOKUP(E42,'목표실차율, 안정적가동률'!$A$3:$C$9,3,FALSE) -> 0.49 | O42: =기초자료!CI42 -> 0.50637828 | P42: =기초자료!CJ42 -> 0.42369659 | Q42: =기초자료!CK42 -> 0.44761914 | R42: =VLOOKUP(E42,'목표실차율, 안정적가동률'!$F$3:$G$9,2,FALSE) -> 0.34 | S42: =기초자료!DV42 -> 0.32888803 | T42: =기초자료!DW42 -> 0.29488399 | U42: =기초자료!DX42 -> 0.30472248 | V42: =VLOOKUP(F42,'목표실차율, 안정적가동률'!$J$3:$L$6,3,FALSE) -> 0.88 | W42: =기초자료!FI42 -> 0.90223743 | X42: =기초자료!FJ42 -> 0.78652543 | Y42: =기초자료!FK42 -> 0.82000473 | Z42: =VLOOKUP(F42,'목표실차율, 안정적가동률'!$J$3:$L$6,3,FALSE) -> 0.88 | AA42: =기초자료!GP42 -> #DIV/0! | AB42: =기초자료!GQ42 -> #DIV/0! | AC42: =기초자료!GR42 -> 0 | AD42: =ROUND(J42*(Q42/N42)*(Y42/V42),0) -> 441 | AE42: =ROUND(J42*(Q42/N42*0.8+U42/R42*0.2)*(Y42/V42),0) -> 439 | AF42: =AG42 -> 493.56218 | AG42: =VLOOKUP(B42,'[1]Jan-Dec'!$B$2:$AY$61,50,0) -> 493.56218 | AH42: =ROUND(J42*(Q42/N42*0.8+U42/R42*0.2)*(AC42/Z42),0) -> 0 | AJ42: =J42-AD42 -> 77 | AK42: =J42-AF42 -> 24.437817 | AM42: =ROUND(G42/J42,0) -> 432 | AO42: =IF(AM42>312,ROUND(AD42*0.1,0),0) -> 44 | AP42: =AD42+AO42 -> 485 | AQ42: =J42-AP42 -> 33 | AS42: =IF(AM42>312,ROUND(AF42*0.1,0),0) -> 49 | AT42: =AS42+AF42 -> 542.56218 | AU42: =J42-AT42 -> -24.562183 | AW42: =IF(AF42*1.15>J42,ROUND(AF42*0.15,0),0) -> 74 | AX42: =AF42+AW42 -> 567.56218 | AY42: =J42-AX42 -> -49.562183 | BA42: =IF(AF42*1.2>J42,ROUND(AF42*0.2,0),0) -> 99 | BB42: =AF42+BA42 -> 592.56218 | BC42: =J42-BB42 -> -74.562183
A43: 경기도 파주시 | B43: 파주시 | C43: 시 | D43: 20~50만 이하 | E43: 50만 이하 | F43: 10부 | G43: 497108 | H43: 251 | I43: 575 | J43: 826 | K43: =기초자료!AV43/기초자료!I43 -> 0.94058217 | L43: =기초자료!AW43/기초자료!J43 -> 0.93584914 | M43: =기초자료!AX43/기초자료!K43 -> 0.93728595 | N43: =VLOOKUP(E43,'목표실차율, 안정적가동률'!$A$3:$C$9,3,FALSE) -> 0.49 | O43: =기초자료!CI43 -> 0.49095271 | P43: =기초자료!CJ43 -> 0.45272566 | Q43: =기초자료!CK43 -> 0.46437111 | R43: =VLOOKUP(E43,'목표실차율, 안정적가동률'!$F$3:$G$9,2,FALSE) -> 0.34 | S43: =기초자료!DV43 -> 0.31961398 | T43: =기초자료!DW43 -> 0.31007657 | U43: =기초자료!DX43 -> 0.31298204 | V43: =VLOOKUP(F43,'목표실차율, 안정적가동률'!$J$3:$L$6,3,FALSE) -> 0.88 | W43: =기초자료!FI43 -> 0.90096853 | X43: =기초자료!FJ43 -> 0.81380875 | Y43: =기초자료!FK43 -> 0.84036102 | Z43: =VLOOKUP(F43,'목표실차율, 안정적가동률'!$J$3:$L$6,3,FALSE) -> 0.88 | AA43: =기초자료!GP43 -> #DIV/0! | AB43: =기초자료!GQ43 -> #DIV/0! | AC43: =기초자료!GR43 -> 0 | AD43: =ROUND(J43*(Q43/N43)*(Y43/V43),0) -> 748 | AE43: =ROUND(J43*(Q43/N43*0.8+U43/R43*0.2)*(Y43/V43),0) -> 743 | AF43: =AG43 -> 796.8381 | AG43: =VLOOKUP(B43,'[1]Jan-Dec'!$B$2:$AY$61,50,0) -> 796.8381 | AH43: =ROUND(J43*(Q43/N43*0.8+U43/R43*0.2)*(AC43/Z43),0) -> 0 | AJ43: =J43-AD43 -> 78 | AK43: =J43-AF43 -> 29.161903 | AM43: =ROUND(G43/J43,0) -> 602 | AO43: =IF(AM43>312,ROUND(AD43*0.1,0),0) -> 75 | AP43: =AD43+AO43 -> 823 | AQ43: =J43-AP43 -> 3 | AS43: =IF(AM43>312,ROUND(AF43*0.1,0),0) -> 80 | AT43: =AS43+AF43 -> 876.8381 | AU43: =J43-AT43 -> -50.838097 | AW43: =IF(AF43*1.15>J43,ROUND(AF43*0.15,0),0) -> 120 | AX43: =AF43+AW43 -> 916.8381 | AY43: =J43-AX43 -> -90.838097 | BA43: =IF(AF43*1.2>J43,ROUND(AF43*0.2,0),0) -> 159 | BB43: =AF43+BA43 -> 955.8381 | BC43: =J43-BB43 -> -129.8381
A44: 경기도 평택시 | B44: 평택시 | C44: 시 | D44: 50~100만 이하 | E44: 100만 이하 | F44: 10부 | G44: 588380 | H44: 401 | I44: 1198 | J44: 1599 | K44: =기초자료!AV44/기초자료!I44 -> 1.1986157 | L44: =기초자료!AW44/기초자료!J44 -> 0.87726731 | M44: =기초자료!AX44/기초자료!K44 -> 0.95061181 | N44: =VLOOKUP(E44,'목표실차율, 안정적가동률'!$A$3:$C$9,3,FALSE) -> 0.5 | O44: =기초자료!CI44 -> 0.55920947 | P44: =기초자료!CJ44 -> 0.43378751 | Q44: =기초자료!CK44 -> 0.46988207 | R44: =VLOOKUP(E44,'목표실차율, 안정적가동률'!$F$3:$G$9,2,FALSE) -> 0.38 | S44: =기초자료!DV44 -> 0.37982964 | T44: =기초자료!DW44 -> 0.31343952 | U44: =기초자료!DX44 -> 0.33254561 | V44: =VLOOKUP(F44,'목표실차율, 안정적가동률'!$J$3:$L$6,3,FALSE) -> 0.88 | W44: =기초자료!FI44 -> 0.84710382 | X44: =기초자료!FJ44 -> 0.76465504 | Y44: =기초자료!FK44 -> 0.78838257 | Z44: =VLOOKUP(F44,'목표실차율, 안정적가동률'!$J$3:$L$6,3,FALSE) -> 0.88 | AA44: =기초자료!GP44 -> #DIV/0! | AB44: =기초자료!GQ44 -> #DIV/0! | AC44: =기초자료!GR44 -> 0 | AD44: =ROUND(J44*(Q44/N44)*(Y44/V44),0) -> 1346 | AE44: =ROUND(J44*(Q44/N44*0.8+U44/R44*0.2)*(Y44/V44),0) -> 1328 | AF44: =AG44 -> 1470.3543 | AG44: =VLOOKUP(B44,'[1]Jan-Dec'!$B$2:$AY$61,50,0) -> 1470.3543 | AH44: =ROUND(J44*(Q44/N44*0.8+U44/R44*0.2)*(AC44/Z44),0) -> 0 | AJ44: =J44-AD44 -> 253 | AK44: =J44-AF44 -> 128.6457 | AM44: =ROUND(G44/J44,0) -> 368 | AO44: =IF(AM44>312,ROUND(AD44*0.1,0),0) -> 135 | AP44: =AD44+AO44 -> 1481 | AQ44: =J44-AP44 -> 118 | AS44: =IF(AM44>312,ROUND(AF44*0.1,0),0) -> 147 | AT44: =AS44+AF44 -> 1617.3543 | AU44: =J44-AT44 -> -18.3543 | AW44: =IF(AF44*1.15>J44,ROUND(AF44*0.15,0),0) -> 221 | AX44: =AF44+AW44 -> 1691.3543 | AY44: =J44-AX44 -> -92.3543 | BA44: =IF(AF44*1.2>J44,ROUND(AF44*0.2,0),0) -> 294 | BB44: =AF44+BA44 -> 1764.3543 | BC44: =J44-BB44 -> -165.3543
A45: 경기도 안양·군포·의왕·과천 통합사업구역 | B45: 안양·군포·의왕·과천 통합사업구역 | C45: 시 | D45: 100~500만 이하 | E45: 200만 이하 | F45: 10부 | G45: 1046865 | H45: 1317 | I45: 2779 | J45: 4096 | K45: =기초자료!AV45/기초자료!I45 -> 0.94631161 | L45: =기초자료!AW45/기초자료!J45 -> 0.85408823 | M45: =기초자료!AX45/기초자료!K45 -> 0.87765148 | N45: =VLOOKUP(E45,'목표실차율, 안정적가동률'!$A$3:$C$9,3,FALSE) -> 0.51 | O45: =기초자료!CI45 -> 0.55534611 | P45: =기초자료!CJ45 -> 0.45656847 | Q45: =기초자료!CK45 -> 0.48378075 | R45: =VLOOKUP(E45,'목표실차율, 안정적가동률'!$F$3:$G$9,2,FALSE) -> 0.45 | S45: =기초자료!DV45 -> 0.40262653 | T45: =기초자료!DW45 -> 0.32732821 | U45: =기초자료!DX45 -> 0.34807216 | V45: =VLOOKUP(F45,'목표실차율, 안정적가동률'!$J$3:$L$6,3,FALSE) -> 0.88 | W45: =기초자료!FI45 -> 0.85832348 | X45: =기초자료!FJ45 -> 0.75842639 | Y45: =기초자료!FK45 -> 0.78594706 | Z45: =VLOOKUP(F45,'목표실차율, 안정적가동률'!$J$3:$L$6,3,FALSE) -> 0.88 | AA45: =기초자료!GP45 -> #DIV/0! | AB45: =기초자료!GQ45 -> #DIV/0! | AC45: =기초자료!GR45 -> 0 | AD45: =ROUND(J45*(Q45/N45)*(Y45/V45),0) -> 3470 | AE45: =ROUND(J45*(Q45/N45*0.8+U45/R45*0.2)*(Y45/V45),0) -> 3342 | AF45: =AE45 -> 3342 | AG45: =VLOOKUP(B45,'[1]Jan-Dec'!$B$2:$AY$61,50,0) -> #N/A | AH45: =ROUND(J45*(Q45/N45*0.8+U45/R45*0.2)*(AC45/Z45),0) -> 0 | AJ45: =J45-AD45 -> 626 | AK45: =J45-AF45 -> 754 | AM45: =ROUND(G45/J45,0) -> 256 | AO45: =IF(AM45>312,ROUND(AD45*0.1,0),0) -> 0 | AP45: =AD45+AO45 -> 3470 | AQ45: =J45-AP45 -> 626 | AS45: =IF(AM45>312,ROUND(AF45*0.1,0),0) -> 0 | AT45: =AS45+AF45 -> 3342 | AU45: =J45-AT45 -> 754 | AW45: =IF(AF45*1.15>J45,ROUND(AF45*0.15,0),0) -> 0 | AX45: =AF45+AW45 -> 3342 | AY45: =J45-AX45 -> 754 | BA45: =IF(AF45*1.2>J45,ROUND(AF45*0.2,0),0) -> 0 | BB45: =AF45+BA45 -> 3342 | BC45: =J45-BB45 -> 754
A46: 경기도 포천시 | B46: 포천시 | C46: 시 | D46: 20만 이하 | E46: 20만 이하 | F46: 10부 | G46: 143880 | H46: 73 | I46: 255 | J46: 328 | K46: =기초자료!AV46/기초자료!I46 -> 0.94742532 | L46: =기초자료!AW46/기초자료!J46 -> 0.89760094 | M46: =기초자료!AX46/기초자료!K46 -> 0.90747181 | N46: =VLOOKUP(E46,'목표실차율, 안정적가동률'!$A$3:$C$9,3,FALSE) -> 0.48 | O46: =기초자료!CI46 -> 0.37409925 | P46: =기초자료!CJ46 -> 0.44393538 | Q46: =기초자료!CK46 -> 0.42949079 | R46: =VLOOKUP(E46,'목표실차율, 안정적가동률'!$F$3:$G$9,2,FALSE) -> 0.25 | S46: =기초자료!DV46 -> 0.23792413 | T46: =기초자료!DW46 -> 0.30703466 | U46: =기초자료!DX46 -> 0.29274014 | V46: =VLOOKUP(F46,'목표실차율, 안정적가동률'!$J$3:$L$6,3,FALSE) -> 0.88 | W46: =기초자료!FI46 -> 0.91873515 | X46: =기초자료!FJ46 -> 0.74777153 | Y46: =기초자료!FK46 -> 0.78313289 | Z46: =VLOOKUP(F46,'목표실차율, 안정적가동률'!$J$3:$L$6,3,FALSE) -> 0.88 | AA46: =기초자료!GP46 -> #DIV/0! | AB46: =기초자료!GQ46 -> #DIV/0! | AC46: =기초자료!GR46 -> 0 | AD46: =ROUND(J46*(Q46/N46)*(Y46/V46),0) -> 261 | AE46: =ROUND(J46*(Q46/N46*0.8+U46/R46*0.2)*(Y46/V46),0) -> 277 | AF46: =AG46 -> 285.97052 | AG46: =VLOOKUP(B46,'[1]Jan-Dec'!$B$2:$AY$61,50,0) -> 285.97052 | AH46: =ROUND(J46*(Q46/N46*0.8+U46/R46*0.2)*(AC46/Z46),0) -> 0 | AJ46: =J46-AD46 -> 67 | AK46: =J46-AF46 -> 42.029481 | AM46: =ROUND(G46/J46,0) -> 439 | AO46: =IF(AM46>312,ROUND(AD46*0.1,0),0) -> 26 | AP46: =AD46+AO46 -> 287 | AQ46: =J46-AP46 -> 41 | AS46: =IF(AM46>312,ROUND(AF46*0.1,0),0) -> 29 | AT46: =AS46+AF46 -> 314.97052 | AU46: =J46-AT46 -> 13.029481 | AW46: =IF(AF46*1.15>J46,ROUND(AF46*0.15,0),0) -> 43 | AX46: =AF46+AW46 -> 328.97052 | AY46: =J46-AX46 -> -0.97051943 | BA46: =IF(AF46*1.2>J46,ROUND(AF46*0.2,0),0) -> 57 | BB46: =AF46+BA46 -> 342.97052 | BC46: =J46-BB46 -> -14.970519
A47: 경상남도 거제시 | B47: 거제시 | C47: 시 | D47: 20~50만 이하 | E47: 50만 이하 | F47: 10부 | G47: 234361 | H47: 185 | I47: 458 | J47: 643 | K47: =기초자료!AV47/기초자료!I47 -> 0.89645533 | L47: =기초자료!AW47/기초자료!J47 -> 0.89928175 | M47: =기초자료!AX47/기초자료!K47 -> 0.89864832 | N47: =VLOOKUP(E47,'목표실차율, 안정적가동률'!$A$3:$C$9,3,FALSE) -> 0.49 | O47: =기초자료!CI47 -> 0.55073531 | P47: =기초자료!CJ47 -> 0.49810694 | Q47: =기초자료!CK47 -> 0.50987263 | R47: =VLOOKUP(E47,'목표실차율, 안정적가동률'!$F$3:$G$9,2,FALSE) -> 0.34 | S47: =기초자료!DV47 -> 0.34840868 | T47: =기초자료!DW47 -> 0.32344172 | U47: =기초자료!DX47 -> 0.32902337 | V47: =VLOOKUP(F47,'목표실차율, 안정적가동률'!$J$3:$L$6,3,FALSE) -> 0.88 | W47: =기초자료!FI47 -> 0.87168738 | X47: =기초자료!FJ47 -> 0.84049122 | Y47: =기초자료!FK47 -> 0.84746549 | Z47: =VLOOKUP(F47,'목표실차율, 안정적가동률'!$J$3:$L$6,3,FALSE) -> 0.88 | AA47: =기초자료!GP47 -> #DIV/0! | AB47: =기초자료!GQ47 -> #DIV/0! | AC47: =기초자료!GR47 -> 0 | AD47: =ROUND(J47*(Q47/N47)*(Y47/V47),0) -> 644 | AE47: =ROUND(J47*(Q47/N47*0.8+U47/R47*0.2)*(Y47/V47),0) -> 635 | AF47: =AG47 -> 700.71807 | AG47: =VLOOKUP(B47,'[1]Jan-Dec'!$B$2:$AY$61,50,0) -> 700.71807 | AH47: =ROUND(J47*(Q47/N47*0.8+U47/R47*0.2)*(AC47/Z47),0) -> 0 | AJ47: =J47-AD47 -> -1 | AK47: =J47-AF47 -> -57.718072 | AM47: =ROUND(G47/J47,0) -> 364 | AO47: =IF(AM47>312,ROUND(AD47*0.1,0),0) -> 64 | AP47: =AD47+AO47 -> 708 | AQ47: =J47-AP47 -> -65 | AS47: =IF(AM47>312,ROUND(AF47*0.1,0),0) -> 70 | AT47: =AS47+AF47 -> 770.71807 | AU47: =J47-AT47 -> -127.71807 | AW47: =IF(AF47*1.15>J47,ROUND(AF47*0.15,0),0) -> 105 | AX47: =AF47+AW47 -> 805.71807 | AY47: =J47-AX47 -> -162.71807 | BA47: =IF(AF47*1.2>J47,ROUND(AF47*0.2,0),0) -> 140 | BB47: =AF47+BA47 -> 840.71807 | BC47: =J47-BB47 -> -197.71807
A48: 경상남도 거창군 | B48: 거창군 | C48: 군 | D48: 군지역 | E48: 군지역 | F48: 10부 | G48: 60168 | H48: 82 | I48: 63 | J48: 145 | K48: =기초자료!AV48/기초자료!I48 -> 0.95997484 | L48: =기초자료!AW48/기초자료!J48 -> 0.9186248 | M48: =기초자료!AX48/기초자료!K48 -> 0.94200896 | N48: =VLOOKUP(E48,'목표실차율, 안정적가동률'!$A$3:$C$9,3,FALSE) -> 0.46 | O48: =기초자료!CI48 -> 0.32876749 | P48: =기초자료!CJ48 -> 0.30491505 | Q48: =기초자료!CK48 -> 0.31866128 | R48: =VLOOKUP(E48,'목표실차율, 안정적가동률'!$F$3:$G$9,2,FALSE) -> 0.25 | S48: =기초자료!DV48 -> 0.23562495 | T48: =기초자료!DW48 -> 0.22659091 | U48: =기초자료!DX48 -> 0.23179725 | V48: =VLOOKUP(F48,'목표실차율, 안정적가동률'!$J$3:$L$6,3,FALSE) -> 0.88 | W48: =기초자료!FI48 -> 0.76496747 | X48: =기초자료!FJ48 -> 0.63610188 | Y48: =기초자료!FK48 -> 0.71036747 | Z48: =VLOOKUP(F48,'목표실차율, 안정적가동률'!$J$3:$L$6,3,FALSE) -> 0.88 | AA48: =기초자료!GP48 -> #DIV/0! | AB48: =기초자료!GQ48 -> #DIV/0! | AC48: =기초자료!GR48 -> 0 | AD48: =ROUND(J48*(Q48/N48)*(Y48/V48),0) -> 81 | AE48: =ROUND(J48*(Q48/N48*0.8+U48/R48*0.2)*(Y48/V48),0) -> 87 | AF48: =AE48 -> 87 | AG48: =VLOOKUP(B48,'[1]Jan-Dec'!$B$2:$AY$61,50,0) -> #N/A | AH48: =ROUND(J48*(Q48/N48*0.8+U48/R48*0.2)*(AC48/Z48),0) -> 0 | AJ48: =J48-AD48 -> 64 | AK48: =J48-AF48 -> 58 | AM48: =ROUND(G48/J48,0) -> 415 | AO48: =IF(AM48>312,ROUND(AD48*0.1,0),0) -> 8 | AP48: =AD48+AO48 -> 89 | AQ48: =J48-AP48 -> 56 | AS48: =IF(AM48>312,ROUND(AF48*0.1,0),0) -> 9 | AT48: =AS48+AF48 -> 96 | AU48: =J48-AT48 -> 49 | AW48: =IF(AF48*1.15>J48,ROUND(AF48*0.15,0),0) -> 0 | AX48: =AF48+AW48 -> 87 | AY48: =J48-AX48 -> 58 | BA48: =IF(AF48*1.2>J48,ROUND(AF48*0.2,0),0) -> 0 | BB48: =AF48+BA48 -> 87 | BC48: =J48-BB48 -> 58
A49: 경상남도 고성군 | B49: 고성군2 | C49: 군 | D49: 군지역 | E49: 군지역 | F49: 10부 | G49: 49590 | H49: 44 | I49: 92 | J49: 136 | K49: =기초자료!AV49/기초자료!I49 -> 0.043619664 | L49: =기초자료!AW49/기초자료!J49 -> 0.88044509 | M49: =기초자료!AX49/기초자료!K49 -> 0.60970745 | N49: =VLOOKUP(E49,'목표실차율, 안정적가동률'!$A$3:$C$9,3,FALSE) -> 0.46 | O49: =기초자료!CI49 -> 0.55830646 | P49: =기초자료!CJ49 -> 0.32194515 | Q49: =기초자료!CK49 -> 0.32741595 | R49: =VLOOKUP(E49,'목표실차율, 안정적가동률'!$F$3:$G$9,2,FALSE) -> 0.25 | S49: =기초자료!DV49 -> 0.4731837 | T49: =기초자료!DW49 -> 0.21635789 | U49: =기초자료!DX49 -> 0.22230236 | V49: =VLOOKUP(F49,'목표실차율, 안정적가동률'!$J$3:$L$6,3,FALSE) -> 0.88 | W49: =기초자료!FI49 -> 0.85883536 | X49: =기초자료!FJ49 -> 0.68654144 | Y49: =기초자료!FK49 -> 0.69052934 | Z49: =VLOOKUP(F49,'목표실차율, 안정적가동률'!$J$3:$L$6,3,FALSE) -> 0.88 | AA49: =기초자료!GP49 -> #DIV/0! | AB49: =기초자료!GQ49 -> #DIV/0! | AC49: =기초자료!GR49 -> 0 | AD49: =ROUND(J49*(Q49/N49)*(Y49/V49),0) -> 76 | AE49: =ROUND(J49*(Q49/N49*0.8+U49/R49*0.2)*(Y49/V49),0) -> 80 | AF49: =AD49 -> 76 | AG49: =VLOOKUP(B49,'[1]Jan-Dec'!$B$2:$AY$61,50,0) -> #N/A | AH49: =ROUND(J49*(Q49/N49*0.8+U49/R49*0.2)*(AC49/Z49),0) -> 0 | AJ49: =J49-AD49 -> 60 | AK49: =J49-AF49 -> 60 | AM49: =ROUND(G49/J49,0) -> 365 | AO49: =IF(AM49>312,ROUND(AD49*0.1,0),0) -> 8 | AP49: =AD49+AO49 -> 84 | AQ49: =J49-AP49 -> 52 | AS49: =IF(AM49>312,ROUND(AF49*0.1,0),0) -> 8 | AT49: =AS49+AF49 -> 84 | AU49: =J49-AT49 -> 52 | AW49: =IF(AF49*1.15>J49,ROUND(AF49*0.15,0),0) -> 0 | AX49: =AF49+AW49 -> 76 | AY49: =J49-AX49 -> 60 | BA49: =IF(AF49*1.2>J49,ROUND(AF49*0.2,0),0) -> 0 | BB49: =AF49+BA49 -> 76 | BC49: =J49-BB49 -> 60
A50: 경상남도 김해시 | B50: 김해시 | C50: 시 | D50: 50~100만 이하 | E50: 100만 이하 | F50: 10부 | G50: 533251 | H50: 355 | I50: 1161 | J50: 1516 | K50: =기초자료!AV50/기초자료!I50 -> 0.89512669 | L50: =기초자료!AW50/기초자료!J50 -> 0.81213189 | M50: =기초자료!AX50/기초자료!K50 -> 0.82839749 | N50: =VLOOKUP(E50,'목표실차율, 안정적가동률'!$A$3:$C$9,3,FALSE) -> 0.5 | O50: =기초자료!CI50 -> 0.5042774 | P50: =기초자료!CJ50 -> 0.41402003 | Q50: =기초자료!CK50 -> 0.43313385 | R50: =VLOOKUP(E50,'목표실차율, 안정적가동률'!$F$3:$G$9,2,FALSE) -> 0.38 | S50: =기초자료!DV50 -> 0.38431062 | T50: =기초자료!DW50 -> 0.30503071 | U50: =기초자료!DX50 -> 0.32181984 | V50: =VLOOKUP(F50,'목표실차율, 안정적가동률'!$J$3:$L$6,3,FALSE) -> 0.88 | W50: =기초자료!FI50 -> 0.85460347 | X50: =기초자료!FJ50 -> 0.80434873 | Y50: =기초자료!FK50 -> 0.81499119 | Z50: =VLOOKUP(F50,'목표실차율, 안정적가동률'!$J$3:$L$6,3,FALSE) -> 0.88 | AA50: =기초자료!GP50 -> #DIV/0! | AB50: =기초자료!GQ50 -> #DIV/0! | AC50: =기초자료!GR50 -> 0 | AD50: =ROUND(J50*(Q50/N50)*(Y50/V50),0) -> 1216 | AE50: =ROUND(J50*(Q50/N50*0.8+U50/R50*0.2)*(Y50/V50),0) -> 1211 | AF50: =AG50 -> 1333.2564 | AG50: =VLOOKUP(B50,'[1]Jan-Dec'!$B$2:$AY$61,50,0) -> 1333.2564 | AH50: =ROUND(J50*(Q50/N50*0.8+U50/R50*0.2)*(AC50/Z50),0) -> 0 | AJ50: =J50-AD50 -> 300 | AK50: =J50-AF50 -> 182.74365 | AM50: =ROUND(G50/J50,0) -> 352 | AO50: =IF(AM50>312,ROUND(AD50*0.1,0),0) -> 122 | AP50: =AD50+AO50 -> 1338 | AQ50: =J50-AP50 -> 178 | AS50: =IF(AM50>312,ROUND(AF50*0.1,0),0) -> 133 | AT50: =AS50+AF50 -> 1466.2564 | AU50: =J50-AT50 -> 49.743647 | AW50: =IF(AF50*1.15>J50,ROUND(AF50*0.15,0),0) -> 200 | AX50: =AF50+AW50 -> 1533.2564 | AY50: =J50-AX50 -> -17.256353 | BA50: =IF(AF50*1.2>J50,ROUND(AF50*0.2,0),0) -> 267 | BB50: =AF50+BA50 -> 1600.2564 | BC50: =J50-BB50 -> -84.256353
A51: 경상남도 남해군 | B51: 남해군 | C51: 군 | D51: 군지역 | E51: 군지역 | F51: 10부 | G51: 40983 | H51: 36 | I51: 77 | J51: 113 | K51: =기초자료!AV51/기초자료!I51 -> 0.93768771 | L51: =기초자료!AW51/기초자료!J51 -> 0.91723632 | M51: =기초자료!AX51/기초자료!K51 -> 0.92375181 | N51: =VLOOKUP(E51,'목표실차율, 안정적가동률'!$A$3:$C$9,3,FALSE) -> 0.46 | O51: =기초자료!CI51 -> 0.1804425 | P51: =기초자료!CJ51 -> 0.27178617 | Q51: =기초자료!CK51 -> 0.24224652 | R51: =VLOOKUP(E51,'목표실차율, 안정적가동률'!$F$3:$G$9,2,FALSE) -> 0.25 | S51: =기초자료!DV51 -> 0.11364032 | T51: =기초자료!DW51 -> 0.16865107 | U51: =기초자료!DX51 -> 0.15086113 | V51: =VLOOKUP(F51,'목표실차율, 안정적가동률'!$J$3:$L$6,3,FALSE) -> 0.88 | W51: =기초자료!FI51 -> 0.78065377 | X51: =기초자료!FJ51 -> 0.58412582 | Y51: =기초자료!FK51 -> 0.64768105 | Z51: =VLOOKUP(F51,'목표실차율, 안정적가동률'!$J$3:$L$6,3,FALSE) -> 0.88 | AA51: =기초자료!GP51 -> #DIV/0! | AB51: =기초자료!GQ51 -> #DIV/0! | AC51: =기초자료!GR51 -> 0 | AD51: =ROUND(J51*(Q51/N51)*(Y51/V51),0) -> 44 | AE51: =ROUND(J51*(Q51/N51*0.8+U51/R51*0.2)*(Y51/V51),0) -> 45 | AF51: =AE51 -> 45 | AG51: =VLOOKUP(B51,'[1]Jan-Dec'!$B$2:$AY$61,50,0) -> #N/A | AH51: =ROUND(J51*(Q51/N51*0.8+U51/R51*0.2)*(AC51/Z51),0) -> 0 | AJ51: =J51-AD51 -> 69 | AK51: =J51-AF51 -> 68 | AM51: =ROUND(G51/J51,0) -> 363 | AO51: =IF(AM51>312,ROUND(AD51*0.1,0),0) -> 4 | AP51: =AD51+AO51 -> 48 | AQ51: =J51-AP51 -> 65 | AS51: =IF(AM51>312,ROUND(AF51*0.1,0),0) -> 5 | AT51: =AS51+AF51 -> 50 | AU51: =J51-AT51 -> 63 | AW51: =IF(AF51*1.15>J51,ROUND(AF51*0.15,0),0) -> 0 | AX51: =AF51+AW51 -> 45 | AY51: =J51-AX51 -> 68 | BA51: =IF(AF51*1.2>J51,ROUND(AF51*0.2,0),0) -> 0 | BB51: =AF51+BA51 -> 45 | BC51: =J51-BB51 -> 68
A52: 경상남도 밀양시 | B52: 밀양시 | C52: 시 | D52: 20만 이하 | E52: 20만 이하 | F52: 10부 | G52: 102275 | H52: 144 | I52: 260 | J52: 404 | K52: =기초자료!AV52/기초자료!I52 -> 0.70574604 | L52: =기초자료!AW52/기초자료!J52 -> 0.71979505 | M52: =기초자료!AX52/기초자료!K52 -> 0.71566074 | N52: =VLOOKUP(E52,'목표실차율, 안정적가동률'!$A$3:$C$9,3,FALSE) -> 0.48 | O52: =기초자료!CI52 -> 0.34304654 | P52: =기초자료!CJ52 -> 0.3900855 | Q52: =기초자료!CK52 -> 0.37643475 | R52: =VLOOKUP(E52,'목표실차율, 안정적가동률'!$F$3:$G$9,2,FALSE) -> 0.25 | S52: =기초자료!DV52 -> 0.22016663 | T52: =기초자료!DW52 -> 0.25604713 | U52: =기초자료!DX52 -> 0.24563457 | V52: =VLOOKUP(F52,'목표실차율, 안정적가동률'!$J$3:$L$6,3,FALSE) -> 0.88 | W52: =기초자료!FI52 -> 0.73019867 | X52: =기초자료!FJ52 -> 0.73914286 | Y52: =기초자료!FK52 -> 0.73654724 | Z52: =VLOOKUP(F52,'목표실차율, 안정적가동률'!$J$3:$L$6,3,FALSE) -> 0.88 | AA52: =기초자료!GP52 -> #DIV/0! | AB52: =기초자료!GQ52 -> #DIV/0! | AC52: =기초자료!GR52 -> 0 | AD52: =ROUND(J52*(Q52/N52)*(Y52/V52),0) -> 265 | AE52: =ROUND(J52*(Q52/N52*0.8+U52/R52*0.2)*(Y52/V52),0) -> 279 | AF52: =AG52 -> 287.80567 | AG52: =VLOOKUP(B52,'[1]Jan-Dec'!$B$2:$AY$61,50,0) -> 287.80567 | AH52: =ROUND(J52*(Q52/N52*0.8+U52/R52*0.2)*(AC52/Z52),0) -> 0 | AJ52: =J52-AD52 -> 139 | AK52: =J52-AF52 -> 116.19433 | AM52: =ROUND(G52/J52,0) -> 253 | AO52: =IF(AM52>312,ROUND(AD52*0.1,0),0) -> 0 | AP52: =AD52+AO52 -> 265 | AQ52: =J52-AP52 -> 139 | AS52: =IF(AM52>312,ROUND(AF52*0.1,0),0) -> 0 | AT52: =AS52+AF52 -> 287.80567 | AU52: =J52-AT52 -> 116.19433 | AW52: =IF(AF52*1.15>J52,ROUND(AF52*0.15,0),0) -> 0 | AX52: =AF52+AW52 -> 287.80567 | AY52: =J52-AX52 -> 116.19433 | BA52: =IF(AF52*1.2>J52,ROUND(AF52*0.2,0),0) -> 0 | BB52: =AF52+BA52 -> 287.80567 | BC52: =J52-BB52 -> 116.19433
A53: 경상남도 사천시 | B53: 사천시 | C53: 시 | D53: 20만 이하 | E53: 20만 이하 | F53: 10부 | G53: 108870 | H53: 162 | I53: 325 | J53: 487 | K53: =기초자료!AV53/기초자료!I53 -> 0.79834957 | L53: =기초자료!AW53/기초자료!J53 -> 0.83329234 | M53: =기초자료!AX53/기초자료!K53 -> 0.82256364 | N53: =VLOOKUP(E53,'목표실차율, 안정적가동률'!$A$3:$C$9,3,FALSE) -> 0.48 | O53: =기초자료!CI53 -> 0.39202876 | P53: =기초자료!CJ53 -> 0.37058503 | Q53: =기초자료!CK53 -> 0.37697522 | R53: =VLOOKUP(E53,'목표실차율, 안정적가동률'!$F$3:$G$9,2,FALSE) -> 0.25 | S53: =기초자료!DV53 -> 0.22522016 | T53: =기초자료!DW53 -> 0.22954798 | U53: =기초자료!DX53 -> 0.2282583 | V53: =VLOOKUP(F53,'목표실차율, 안정적가동률'!$J$3:$L$6,3,FALSE) -> 0.88 | W53: =기초자료!FI53 -> 0.83530597 | X53: =기초자료!FJ53 -> 0.75223065 | Y53: =기초자료!FK53 -> 0.77698692 | Z53: =VLOOKUP(F53,'목표실차율, 안정적가동률'!$J$3:$L$6,3,FALSE) -> 0.88 | AA53: =기초자료!GP53 -> #DIV/0! | AB53: =기초자료!GQ53 -> #DIV/0! | AC53: =기초자료!GR53 -> 0 | AD53: =ROUND(J53*(Q53/N53)*(Y53/V53),0) -> 338 | AE53: =ROUND(J53*(Q53/N53*0.8+U53/R53*0.2)*(Y53/V53),0) -> 349 | AF53: =AG53 -> 360.30434 | AG53: =VLOOKUP(B53,'[1]Jan-Dec'!$B$2:$AY$61,50,0) -> 360.30434 | AH53: =ROUND(J53*(Q53/N53*0.8+U53/R53*0.2)*(AC53/Z53),0) -> 0 | AJ53: =J53-AD53 -> 149 | AK53: =J53-AF53 -> 126.69566 | AM53: =ROUND(G53/J53,0) -> 224 | AO53: =IF(AM53>312,ROUND(AD53*0.1,0),0) -> 0 | AP53: =AD53+AO53 -> 338 | AQ53: =J53-AP53 -> 149 | AS53: =IF(AM53>312,ROUND(AF53*0.1,0),0) -> 0 | AT53: =AS53+AF53 -> 360.30434 | AU53: =J53-AT53 -> 126.69566 | AW53: =IF(AF53*1.15>J53,ROUND(AF53*0.15,0),0) -> 0 | AX53: =AF53+AW53 -> 360.30434 | AY53: =J53-AX53 -> 126.69566 | BA53: =IF(AF53*1.2>J53,ROUND(AF53*0.2,0),0) -> 0 | BB53: =AF53+BA53 -> 360.30434 | BC53: =J53-BB53 -> 126.69566
A54: 경상남도 산청군 | B54: 산청군 | C54: 군 | D54: 군지역 | E54: 군지역 | F54: 10부 | G54: 33866 | H54: 16 | I54: 47 | J54: 63 | K54: =기초자료!AV54/기초자료!I54 -> 0.76969266 | L54: =기초자료!AW54/기초자료!J54 -> 0.87524942 | M54: =기초자료!AX54/기초자료!K54 -> 0.8497115 | N54: =VLOOKUP(E54,'목표실차율, 안정적가동률'!$A$3:$C$9,3,FALSE) -> 0.46 | O54: =기초자료!CI54 -> 0.37343924 | P54: =기초자료!CJ54 -> 0.39263207 | Q54: =기초자료!CK54 -> 0.38842592 | R54: =VLOOKUP(E54,'목표실차율, 안정적가동률'!$F$3:$G$9,2,FALSE) -> 0.25 | S54: =기초자료!DV54 -> 0.30348962 | T54: =기초자료!DW54 -> 0.37001407 | U54: =기초자료!DX54 -> 0.3554351 | V54: =VLOOKUP(F54,'목표실차율, 안정적가동률'!$J$3:$L$6,3,FALSE) -> 0.88 | W54: =기초자료!FI54 -> 0.52255023 | X54: =기초자료!FJ54 -> 0.45573653 | Y54: =기초자료!FK54 -> 0.47037889 | Z54: =VLOOKUP(F54,'목표실차율, 안정적가동률'!$J$3:$L$6,3,FALSE) -> 0.88 | AA54: =기초자료!GP54 -> #DIV/0! | AB54: =기초자료!GQ54 -> #DIV/0! | AC54: =기초자료!GR54 -> 0 | AD54: =ROUND(J54*(Q54/N54)*(Y54/V54),0) -> 28 | AE54: =ROUND(J54*(Q54/N54*0.8+U54/R54*0.2)*(Y54/V54),0) -> 32 | AF54: =AE54 -> 32 | AG54: =VLOOKUP(B54,'[1]Jan-Dec'!$B$2:$AY$61,50,0) -> #N/A | AH54: =ROUND(J54*(Q54/N54*0.8+U54/R54*0.2)*(AC54/Z54),0) -> 0 | AJ54: =J54-AD54 -> 35 | AK54: =J54-AF54 -> 31 | AM54: =ROUND(G54/J54,0) -> 538 | AO54: =IF(AM54>312,ROUND(AD54*0.1,0),0) -> 3 | AP54: =AD54+AO54 -> 31 | AQ54: =J54-AP54 -> 32 | AS54: =IF(AM54>312,ROUND(AF54*0.1,0),0) -> 3 | AT54: =AS54+AF54 -> 35 | AU54: =J54-AT54 -> 28 | AW54: =IF(AF54*1.15>J54,ROUND(AF54*0.15,0),0) -> 0 | AX54: =AF54+AW54 -> 32 | AY54: =J54-AX54 -> 31 | BA54: =IF(AF54*1.2>J54,ROUND(AF54*0.2,0),0) -> 0 | BB54: =AF54+BA54 -> 32 | BC54: =J54-BB54 -> 31
A55: 경상남도 양산시 | B55: 양산시 | C55: 시 | D55: 20~50만 이하 | E55: 50만 이하 | F55: 10부 | G55: 355032 | H55: 253 | I55: 522 | J55: 775 | K55: =기초자료!AV55/기초자료!I55 -> 0.77782493 | L55: =기초자료!AW55/기초자료!J55 -> 0.41066053 | M55: =기초자료!AX55/기초자료!K55 -> 0.52445718 | N55: =VLOOKUP(E55,'목표실차율, 안정적가동률'!$A$3:$C$9,3,FALSE) -> 0.49 | O55: =기초자료!CI55 -> 0.48012209 | P55: =기초자료!CJ55 -> 0.42720103 | Q55: =기초자료!CK55 -> 0.45152695 | R55: =VLOOKUP(E55,'목표실차율, 안정적가동률'!$F$3:$G$9,2,FALSE) -> 0.34 | S55: =기초자료!DV55 -> 0.32853924 | T55: =기초자료!DW55 -> 0.25054651 | U55: =기초자료!DX55 -> 0.28639698 | V55: =VLOOKUP(F55,'목표실차율, 안정적가동률'!$J$3:$L$6,3,FALSE) -> 0.88 | W55: =기초자료!FI55 -> 0.83700952 | X55: =기초자료!FJ55 -> 0.81566146 | Y55: =기초자료!FK55 -> 0.8254744 | Z55: =VLOOKUP(F55,'목표실차율, 안정적가동률'!$J$3:$L$6,3,FALSE) -> 0.88 | AA55: =기초자료!GP55 -> #DIV/0! | AB55: =기초자료!GQ55 -> #DIV/0! | AC55: =기초자료!GR55 -> 0 | AD55: =ROUND(J55*(Q55/N55)*(Y55/V55),0) -> 670 | AE55: =ROUND(J55*(Q55/N55*0.8+U55/R55*0.2)*(Y55/V55),0) -> 658 | AF55: =AG55 -> 741.91524 | AG55: =VLOOKUP(B55,'[1]Jan-Dec'!$B$2:$AY$61,50,0) -> 741.91524 | AH55: =ROUND(J55*(Q55/N55*0.8+U55/R55*0.2)*(AC55/Z55),0) -> 0 | AJ55: =J55-AD55 -> 105 | AK55: =J55-AF55 -> 33.084756 | AM55: =ROUND(G55/J55,0) -> 458 | AO55: =IF(AM55>312,ROUND(AD55*0.1,0),0) -> 67 | AP55: =AD55+AO55 -> 737 | AQ55: =J55-AP55 -> 38 | AS55: =IF(AM55>312,ROUND(AF55*0.1,0),0) -> 74 | AT55: =AS55+AF55 -> 815.91524 | AU55: =J55-AT55 -> -40.915244 | AW55: =IF(AF55*1.15>J55,ROUND(AF55*0.15,0),0) -> 111 | AX55: =AF55+AW55 -> 852.91524 | AY55: =J55-AX55 -> -77.915244 | BA55: =IF(AF55*1.2>J55,ROUND(AF55*0.2,0),0) -> 148 | BB55: =AF55+BA55 -> 889.91524 | BC55: =J55-BB55 -> -114.91524
A56: 경상남도 의령군 | B56: 의령군 | C56: 군 | D56: 군지역 | E56: 군지역 | F56: 10부 | G56: 25620 | H56: 14 | I56: 42 | J56: 56 | K56: =기초자료!AV56/기초자료!I56 -> 0.5774401 | L56: =기초자료!AW56/기초자료!J56 -> 0.71176763 | M56: =기초자료!AX56/기초자료!K56 -> 0.67818575 | N56: =VLOOKUP(E56,'목표실차율, 안정적가동률'!$A$3:$C$9,3,FALSE) -> 0.46 | O56: =기초자료!CI56 -> 0.12790871 | P56: =기초자료!CJ56 -> 0.25206988 | Q56: =기초자료!CK56 -> 0.22564068 | R56: =VLOOKUP(E56,'목표실차율, 안정적가동률'!$F$3:$G$9,2,FALSE) -> 0.25 | S56: =기초자료!DV56 -> 0.099678982 | T56: =기초자료!DW56 -> 0.18637134 | U56: =기초자료!DX56 -> 0.16791783 | V56: =VLOOKUP(F56,'목표실차율, 안정적가동률'!$J$3:$L$6,3,FALSE) -> 0.88 | W56: =기초자료!FI56 -> 0.47679254 | X56: =기초자료!FJ56 -> 0.40044467 | Y56: =기초자료!FK56 -> 0.41669624 | Z56: =VLOOKUP(F56,'목표실차율, 안정적가동률'!$J$3:$L$6,3,FALSE) -> 0.88 | AA56: =기초자료!GP56 -> #DIV/0! | AB56: =기초자료!GQ56 -> #DIV/0! | AC56: =기초자료!GR56 -> 0 | AD56: =ROUND(J56*(Q56/N56)*(Y56/V56),0) -> 13 | AE56: =ROUND(J56*(Q56/N56*0.8+U56/R56*0.2)*(Y56/V56),0) -> 14 | AF56: =AE56 -> 14 | AG56: =VLOOKUP(B56,'[1]Jan-Dec'!$B$2:$AY$61,50,0) -> #N/A | AH56: =ROUND(J56*(Q56/N56*0.8+U56/R56*0.2)*(AC56/Z56),0) -> 0 | AJ56: =J56-AD56 -> 43 | AK56: =J56-AF56 -> 42 | AM56: =ROUND(G56/J56,0) -> 458 | AO56: =IF(AM56>312,ROUND(AD56*0.1,0),0) -> 1 | AP56: =AD56+AO56 -> 14 | AQ56: =J56-AP56 -> 42 | AS56: =IF(AM56>312,ROUND(AF56*0.1,0),0) -> 1 | AT56: =AS56+AF56 -> 15 | AU56: =J56-AT56 -> 41 | AW56: =IF(AF56*1.15>J56,ROUND(AF56*0.15,0),0) -> 0 | AX56: =AF56+AW56 -> 14 | AY56: =J56-AX56 -> 42 | BA56: =IF(AF56*1.2>J56,ROUND(AF56*0.2,0),0) -> 0 | BB56: =AF56+BA56 -> 14 | BC56: =J56-BB56 -> 42
A57: 경상남도 진주시 | B57: 진주시 | C57: 시 | D57: 20~50만 이하 | E57: 50만 이하 | F57: 10부 | G57: 341992 | H57: 639 | I57: 1006 | J57: 1645 | K57: =기초자료!AV57/기초자료!I57 -> 0.89790828 | L57: =기초자료!AW57/기초자료!J57 -> 0.85556168 | M57: =기초자료!AX57/기초자료!K57 -> 0.86729078 | N57: =VLOOKUP(E57,'목표실차율, 안정적가동률'!$A$3:$C$9,3,FALSE) -> 0.49 | O57: =기초자료!CI57 -> 0.50404002 | P57: =기초자료!CJ57 -> 0.47599493 | Q57: =기초자료!CK57 -> 0.48403704 | R57: =VLOOKUP(E57,'목표실차율, 안정적가동률'!$F$3:$G$9,2,FALSE) -> 0.34 | S57: =기초자료!DV57 -> 0.34121656 | T57: =기초자료!DW57 -> 0.33285999 | U57: =기초자료!DX57 -> 0.33525629 | V57: =VLOOKUP(F57,'목표실차율, 안정적가동률'!$J$3:$L$6,3,FALSE) -> 0.88 | W57: =기초자료!FI57 -> 0.85890134 | X57: =기초자료!FJ57 -> 0.77266945 | Y57: =기초자료!FK57 -> 0.797397 | Z57: =VLOOKUP(F57,'목표실차율, 안정적가동률'!$J$3:$L$6,3,FALSE) -> 0.88 | AA57: =기초자료!GP57 -> #DIV/0! | AB57: =기초자료!GQ57 -> #DIV/0! | AC57: =기초자료!GR57 -> 0 | AD57: =ROUND(J57*(Q57/N57)*(Y57/V57),0) -> 1472 | AE57: =ROUND(J57*(Q57/N57*0.8+U57/R57*0.2)*(Y57/V57),0) -> 1472 | AF57: =AG57 -> 1571.1994 | AG57: =VLOOKUP(B57,'[1]Jan-Dec'!$B$2:$AY$61,50,0) -> 1571.1994 | AH57: =ROUND(J57*(Q57/N57*0.8+U57/R57*0.2)*(AC57/Z57),0) -> 0 | AJ57: =J57-AD57 -> 173 | AK57: =J57-AF57 -> 73.800565 | AM57: =ROUND(G57/J57,0) -> 208 | AO57: =IF(AM57>312,ROUND(AD57*0.1,0),0) -> 0 | AP57: =AD57+AO57 -> 1472 | AQ57: =J57-AP57 -> 173 | AS57: =IF(AM57>312,ROUND(AF57*0.1,0),0) -> 0 | AT57: =AS57+AF57 -> 1571.1994 | AU57: =J57-AT57 -> 73.800565 | AW57: =IF(AF57*1.15>J57,ROUND(AF57*0.15,0),0) -> 236 | AX57: =AF57+AW57 -> 1807.1994 | AY57: =J57-AX57 -> -162.19944 | BA57: =IF(AF57*1.2>J57,ROUND(AF57*0.2,0),0) -> 314 | BB57: =AF57+BA57 -> 1885.1994 | BC57: =J57-BB57 -> -240.19944
A58: 경상남도 창녕군 | B58: 창녕군 | C58: 군 | D58: 군지역 | E58: 군지역 | F58: 10부 | G58: 57393 | H58: 61 | I58: 103 | J58: 164 | K58: =기초자료!AV58/기초자료!I58 -> 0.61047167 | L58: =기초자료!AW58/기초자료!J58 -> 0.72748022 | M58: =기초자료!AX58/기초자료!K58 -> 0.68532807 | N58: =VLOOKUP(E58,'목표실차율, 안정적가동률'!$A$3:$C$9,3,FALSE) -> 0.46 | O58: =기초자료!CI58 -> 0.27134102 | P58: =기초자료!CJ58 -> 0.25390317 | Q58: =기초자료!CK58 -> 0.25949897 | R58: =VLOOKUP(E58,'목표실차율, 안정적가동률'!$F$3:$G$9,2,FALSE) -> 0.25 | S58: =기초자료!DV58 -> 0.14601556 | T58: =기초자료!DW58 -> 0.17988995 | U58: =기초자료!DX58 -> 0.16901968 | V58: =VLOOKUP(F58,'목표실차율, 안정적가동률'!$J$3:$L$6,3,FALSE) -> 0.88 | W58: =기초자료!FI58 -> 0.72905438 | X58: =기초자료!FJ58 -> 0.67632028 | Y58: =기초자료!FK58 -> 0.69324263 | Z58: =VLOOKUP(F58,'목표실차율, 안정적가동률'!$J$3:$L$6,3,FALSE) -> 0.88 | AA58: =기초자료!GP58 -> #DIV/0! | AB58: =기초자료!GQ58 -> #DIV/0! | AC58: =기초자료!GR58 -> 0 | AD58: =ROUND(J58*(Q58/N58)*(Y58/V58),0) -> 73 | AE58: =ROUND(J58*(Q58/N58*0.8+U58/R58*0.2)*(Y58/V58),0) -> 76 | AF58: =AE58 -> 76 | AG58: =VLOOKUP(B58,'[1]Jan-Dec'!$B$2:$AY$61,50,0) -> #N/A | AH58: =ROUND(J58*(Q58/N58*0.8+U58/R58*0.2)*(AC58/Z58),0) -> 0 | AJ58: =J58-AD58 -> 91 | AK58: =J58-AF58 -> 88 | AM58: =ROUND(G58/J58,0) -> 350 | AO58: =IF(AM58>312,ROUND(AD58*0.1,0),0) -> 7 | AP58: =AD58+AO58 -> 80 | AQ58: =J58-AP58 -> 84 | AS58: =IF(AM58>312,ROUND(AF58*0.1,0),0) -> 8 | AT58: =AS58+AF58 -> 84 | AU58: =J58-AT58 -> 80 | AW58: =IF(AF58*1.15>J58,ROUND(AF58*0.15,0),0) -> 0 | AX58: =AF58+AW58 -> 76 | AY58: =J58-AX58 -> 88 | BA58: =IF(AF58*1.2>J58,ROUND(AF58*0.2,0),0) -> 0 | BB58: =AF58+BA58 -> 76 | BC58: =J58-BB58 -> 88
A59: 경상남도 창원시 | B59: 창원시 | C59: 시 | D59: 100~500만 이하 | E59: 200만 이하 | F59: 10부 | G59: 1011688 | H59: 1613 | I59: 3332 | J59: 4945 | K59: =기초자료!AV59/기초자료!I59 -> 0.93473663 | L59: =기초자료!AW59/기초자료!J59 -> 0.8173862 | M59: =기초자료!AX59/기초자료!K59 -> 0.85019358 | N59: =VLOOKUP(E59,'목표실차율, 안정적가동률'!$A$3:$C$9,3,FALSE) -> 0.51 | O59: =기초자료!CI59 -> 0.43474727 | P59: =기초자료!CJ59 -> 0.46579925 | Q59: =기초자료!CK59 -> 0.45625487 | R59: =VLOOKUP(E59,'목표실차율, 안정적가동률'!$F$3:$G$9,2,FALSE) -> 0.45 | S59: =기초자료!DV59 -> 0.31080541 | T59: =기초자료!DW59 -> 0.35536191 | U59: =기초자료!DX59 -> 0.34166668 | V59: =VLOOKUP(F59,'목표실차율, 안정적가동률'!$J$3:$L$6,3,FALSE) -> 0.88 | W59: =기초자료!FI59 -> 0.82399341 | X59: =기초자료!FJ59 -> 0.73952011 | Y59: =기초자료!FK59 -> 0.76548448 | Z59: =VLOOKUP(F59,'목표실차율, 안정적가동률'!$J$3:$L$6,3,FALSE) -> 0.88 | AA59: =기초자료!GP59 -> #DIV/0! | AB59: =기초자료!GQ59 -> #DIV/0! | AC59: =기초자료!GR59 -> 0 | AD59: =ROUND(J59*(Q59/N59)*(Y59/V59),0) -> 3848 | AE59: =ROUND(J59*(Q59/N59*0.8+U59/R59*0.2)*(Y59/V59),0) -> 3732 | AF59: =AG59 -> 4155.4053 | AG59: =VLOOKUP(B59,'[1]Jan-Dec'!$B$2:$AY$61,50,0) -> 4155.4053 | AH59: =ROUND(J59*(Q59/N59*0.8+U59/R59*0.2)*(AC59/Z59),0) -> 0 | AJ59: =J59-AD59 -> 1097 | AK59: =J59-AF59 -> 789.59474 | AM59: =ROUND(G59/J59,0) -> 205 | AO59: =IF(AM59>312,ROUND(AD59*0.1,0),0) -> 0 | AP59: =AD59+AO59 -> 3848 | AQ59: =J59-AP59 -> 1097 | AS59: =IF(AM59>312,ROUND(AF59*0.1,0),0) -> 0 | AT59: =AS59+AF59 -> 4155.4053 | AU59: =J59-AT59 -> 789.59474 | AW59: =IF(AF59*1.15>J59,ROUND(AF59*0.15,0),0) -> 0 | AX59: =AF59+AW59 -> 4155.4053 | AY59: =J59-AX59 -> 789.59474 | BA59: =IF(AF59*1.2>J59,ROUND(AF59*0.2,0),0) -> 831 | BB59: =AF59+BA59 -> 4986.4053 | BC59: =J59-BB59 -> -41.405257
A60: 경상남도 통영시 | B60: 통영시 | C60: 시 | D60: 20만 이하 | E60: 20만 이하 | F60: 10부 | G60: 121020 | H60: 256 | I60: 384 | J60: 640 | K60: =기초자료!AV60/기초자료!I60 -> 0.79211386 | L60: =기초자료!AW60/기초자료!J60 -> 0.81707521 | M60: =기초자료!AX60/기초자료!K60 -> 0.80767418 | N60: =VLOOKUP(E60,'목표실차율, 안정적가동률'!$A$3:$C$9,3,FALSE) -> 0.48 | O60: =기초자료!CI60 -> 0.42861393 | P60: =기초자료!CJ60 -> 0.4128431 | Q60: =기초자료!CK60 -> 0.41866833 | R60: =VLOOKUP(E60,'목표실차율, 안정적가동률'!$F$3:$G$9,2,FALSE) -> 0.25 | S60: =기초자료!DV60 -> 0.2896065 | T60: =기초자료!DW60 -> 0.31536213 | U60: =기초자료!DX60 -> 0.30584884 | V60: =VLOOKUP(F60,'목표실차율, 안정적가동률'!$J$3:$L$6,3,FALSE) -> 0.88 | W60: =기초자료!FI60 -> 0.74987733 | X60: =기초자료!FJ60 -> 0.77408703 | Y60: =기초자료!FK60 -> 0.76514476 | Z60: =VLOOKUP(F60,'목표실차율, 안정적가동률'!$J$3:$L$6,3,FALSE) -> 0.88 | AA60: =기초자료!GP60 -> #DIV/0! | AB60: =기초자료!GQ60 -> #DIV/0! | AC60: =기초자료!GR60 -> 0 | AD60: =ROUND(J60*(Q60/N60)*(Y60/V60),0) -> 485 | AE60: =ROUND(J60*(Q60/N60*0.8+U60/R60*0.2)*(Y60/V60),0) -> 524 | AF60: =AG60 -> 541.46196 | AG60: =VLOOKUP(B60,'[1]Jan-Dec'!$B$2:$AY$61,50,0) -> 541.46196 | AH60: =ROUND(J60*(Q60/N60*0.8+U60/R60*0.2)*(AC60/Z60),0) -> 0 | AJ60: =J60-AD60 -> 155 | AK60: =J60-AF60 -> 98.538044 | AM60: =ROUND(G60/J60,0) -> 189 | AO60: =IF(AM60>312,ROUND(AD60*0.1,0),0) -> 0 | AP60: =AD60+AO60 -> 485 | AQ60: =J60-AP60 -> 155 | AS60: =IF(AM60>312,ROUND(AF60*0.1,0),0) -> 0 | AT60: =AS60+AF60 -> 541.46196 | AU60: =J60-AT60 -> 98.538044 | AW60: =IF(AF60*1.15>J60,ROUND(AF60*0.15,0),0) -> 0 | AX60: =AF60+AW60 -> 541.46196 | AY60: =J60-AX60 -> 98.538044 | BA60: =IF(AF60*1.2>J60,ROUND(AF60*0.2,0),0) -> 108 | BB60: =AF60+BA60 -> 649.46196 | BC60: =J60-BB60 -> -9.4619555
A61: 경상남도 하동군 | B61: 하동군 | C61: 군 | D61: 군지역 | E61: 군지역 | F61: 10부 | G61: 41871 | H61: 25 | I61: 66 | J61: 91 | K61: =기초자료!AV61/기초자료!I61 -> 0.83069769 | L61: =기초자료!AW61/기초자료!J61 -> 0.98209483 | M61: =기초자료!AX61/기초자료!K61 -> 0.95032012 | N61: =VLOOKUP(E61,'목표실차율, 안정적가동률'!$A$3:$C$9,3,FALSE) -> 0.46 | O61: =기초자료!CI61 -> 0.14997356 | P61: =기초자료!CJ61 -> 0.22371736 | Q61: =기초자료!CK61 -> 0.21018846 | R61: =VLOOKUP(E61,'목표실차율, 안정적가동률'!$F$3:$G$9,2,FALSE) -> 0.25 | S61: =기초자료!DV61 -> 0.085253889 | T61: =기초자료!DW61 -> 0.21132554 | U61: =기초자료!DX61 -> 0.18819667 | V61: =VLOOKUP(F61,'목표실차율, 안정적가동률'!$J$3:$L$6,3,FALSE) -> 0.88 | W61: =기초자료!FI61 -> 0.63740578 | X61: =기초자료!FJ61 -> 0.45022493 | Y61: =기초자료!FK61 -> 0.48456478 | Z61: =VLOOKUP(F61,'목표실차율, 안정적가동률'!$J$3:$L$6,3,FALSE) -> 0.88 | AA61: =기초자료!GP61 -> #DIV/0! | AB61: =기초자료!GQ61 -> #DIV/0! | AC61: =기초자료!GR61 -> 0 | AD61: =ROUND(J61*(Q61/N61)*(Y61/V61),0) -> 23 | AE61: =ROUND(J61*(Q61/N61*0.8+U61/R61*0.2)*(Y61/V61),0) -> 26 | AF61: =AE61 -> 26 | AG61: =VLOOKUP(B61,'[1]Jan-Dec'!$B$2:$AY$61,50,0) -> #N/A | AH61: =ROUND(J61*(Q61/N61*0.8+U61/R61*0.2)*(AC61/Z61),0) -> 0 | AJ61: =J61-AD61 -> 68 | AK61: =J61-AF61 -> 65 | AM61: =ROUND(G61/J61,0) -> 460 | AO61: =IF(AM61>312,ROUND(AD61*0.1,0),0) -> 2 | AP61: =AD61+AO61 -> 25 | AQ61: =J61-AP61 -> 66 | AS61: =IF(AM61>312,ROUND(AF61*0.1,0),0) -> 3 | AT61: =AS61+AF61 -> 29 | AU61: =J61-AT61 -> 62 | AW61: =IF(AF61*1.15>J61,ROUND(AF61*0.15,0),0) -> 0 | AX61: =AF61+AW61 -> 26 | AY61: =J61-AX61 -> 65 | BA61: =IF(AF61*1.2>J61,ROUND(AF61*0.2,0),0) -> 0 | BB61: =AF61+BA61 -> 26 | BC61: =J61-BB61 -> 65
A62: 경상남도 함안군 | B62: 함안군 | C62: 군 | D62: 군지역 | E62: 군지역 | F62: 10부 | G62: 60475 | H62: 20 | I62: 96 | J62: 116 | K62: =기초자료!AV62/기초자료!I62 -> 0.71612903 | L62: =기초자료!AW62/기초자료!J62 -> 0.950403 | M62: =기초자료!AX62/기초자료!K62 -> 0.91001094 | N62: =VLOOKUP(E62,'목표실차율, 안정적가동률'!$A$3:$C$9,3,FALSE) -> 0.46 | O62: =기초자료!CI62 -> 0.314775 | P62: =기초자료!CJ62 -> 0.34289719 | Q62: =기초자료!CK62 -> 0.33908157 | R62: =VLOOKUP(E62,'목표실차율, 안정적가동률'!$F$3:$G$9,2,FALSE) -> 0.25 | S62: =기초자료!DV62 -> 0.15679797 | T62: =기초자료!DW62 -> 0.21903198 | U62: =기초자료!DX62 -> 0.21058805 | V62: =VLOOKUP(F62,'목표실차율, 안정적가동률'!$J$3:$L$6,3,FALSE) -> 0.88 | W62: =기초자료!FI62 -> 0.77911281 | X62: =기초자료!FJ62 -> 0.69306308 | Y62: =기초자료!FK62 -> 0.70473833 | Z62: =VLOOKUP(F62,'목표실차율, 안정적가동률'!$J$3:$L$6,3,FALSE) -> 0.88 | AA62: =기초자료!GP62 -> #DIV/0! | AB62: =기초자료!GQ62 -> #DIV/0! | AC62: =기초자료!GR62 -> 0 | AD62: =ROUND(J62*(Q62/N62)*(Y62/V62),0) -> 68 | AE62: =ROUND(J62*(Q62/N62*0.8+U62/R62*0.2)*(Y62/V62),0) -> 70 | AF62: =AE62 -> 70 | AG62: =VLOOKUP(B62,'[1]Jan-Dec'!$B$2:$AY$61,50,0) -> #N/A | AH62: =ROUND(J62*(Q62/N62*0.8+U62/R62*0.2)*(AC62/Z62),0) -> 0 | AJ62: =J62-AD62 -> 48 | AK62: =J62-AF62 -> 46 | AM62: =ROUND(G62/J62,0) -> 521 | AO62: =IF(AM62>312,ROUND(AD62*0.1,0),0) -> 7 | AP62: =AD62+AO62 -> 75 | AQ62: =J62-AP62 -> 41 | AS62: =IF(AM62>312,ROUND(AF62*0.1,0),0) -> 7 | AT62: =AS62+AF62 -> 77 | AU62: =J62-AT62 -> 39 | AW62: =IF(AF62*1.15>J62,ROUND(AF62*0.15,0),0) -> 0 | AX62: =AF62+AW62 -> 70 | AY62: =J62-AX62 -> 46 | BA62: =IF(AF62*1.2>J62,ROUND(AF62*0.2,0),0) -> 0 | BB62: =AF62+BA62 -> 70 | BC62: =J62-BB62 -> 46
A63: 경상남도 함양군 | B63: 함양군 | C63: 군 | D63: 군지역 | E63: 군지역 | F63: 10부 | G63: 37100 | H63: 36 | I63: 46 | J63: 82 | K63: =기초자료!AV63/기초자료!I63 -> 0.94312896 | L63: =기초자료!AW63/기초자료!J63 -> 0.90561883 | M63: =기초자료!AX63/기초자료!K63 -> 0.92182691 | N63: =VLOOKUP(E63,'목표실차율, 안정적가동률'!$A$3:$C$9,3,FALSE) -> 0.46 | O63: =기초자료!CI63 -> 0.19658109 | P63: =기초자료!CJ63 -> 0.18336942 | Q63: =기초자료!CK63 -> 0.18921009 | R63: =VLOOKUP(E63,'목표실차율, 안정적가동률'!$F$3:$G$9,2,FALSE) -> 0.25 | S63: =기초자료!DV63 -> 0.12717892 | T63: =기초자료!DW63 -> 0.1307894 | U63: =기초자료!DX63 -> 0.12919326 | V63: =VLOOKUP(F63,'목표실차율, 안정적가동률'!$J$3:$L$6,3,FALSE) -> 0.88 | W63: =기초자료!FI63 -> 0.71176242 | X63: =기초자료!FJ63 -> 0.51705396 | Y63: =기초자료!FK63 -> 0.60313144 | Z63: =VLOOKUP(F63,'목표실차율, 안정적가동률'!$J$3:$L$6,3,FALSE) -> 0.88 | AA63: =기초자료!GP63 -> #DIV/0! | AB63: =기초자료!GQ63 -> #DIV/0! | AC63: =기초자료!GR63 -> 0 | AD63: =ROUND(J63*(Q63/N63)*(Y63/V63),0) -> 23 | AE63: =ROUND(J63*(Q63/N63*0.8+U63/R63*0.2)*(Y63/V63),0) -> 24 | AF63: =AE63 -> 24 | AG63: =VLOOKUP(B63,'[1]Jan-Dec'!$B$2:$AY$61,50,0) -> #N/A | AH63: =ROUND(J63*(Q63/N63*0.8+U63/R63*0.2)*(AC63/Z63),0) -> 0 | AJ63: =J63-AD63 -> 59 | AK63: =J63-AF63 -> 58 | AM63: =ROUND(G63/J63,0) -> 452 | AO63: =IF(AM63>312,ROUND(AD63*0.1,0),0) -> 2 | AP63: =AD63+AO63 -> 25 | AQ63: =J63-AP63 -> 57 | AS63: =IF(AM63>312,ROUND(AF63*0.1,0),0) -> 2 | AT63: =AS63+AF63 -> 26 | AU63: =J63-AT63 -> 56 | AW63: =IF(AF63*1.15>J63,ROUND(AF63*0.15,0),0) -> 0 | AX63: =AF63+AW63 -> 24 | AY63: =J63-AX63 -> 58 | BA63: =IF(AF63*1.2>J63,ROUND(AF63*0.2,0),0) -> 0 | BB63: =AF63+BA63 -> 24 | BC63: =J63-BB63 -> 58
A64: 경상남도 합천군 | B64: 합천군 | C64: 군 | D64: 군지역 | E64: 군지역 | F64: 10부 | G64: 41454 | H64: 15 | I64: 74 | J64: 89 | K64: =기초자료!AV64/기초자료!I64 -> 0.82336629 | L64: =기초자료!AW64/기초자료!J64 -> 0.87786546 | M64: =기초자료!AX64/기초자료!K64 -> 0.86868021 | N64: =VLOOKUP(E64,'목표실차율, 안정적가동률'!$A$3:$C$9,3,FALSE) -> 0.46 | O64: =기초자료!CI64 -> 0.20632946 | P64: =기초자료!CJ64 -> 0.16003383 | Q64: =기초자료!CK64 -> 0.16742945 | R64: =VLOOKUP(E64,'목표실차율, 안정적가동률'!$F$3:$G$9,2,FALSE) -> 0.25 | S64: =기초자료!DV64 -> 0.18771889 | T64: =기초자료!DW64 -> 0.12294815 | U64: =기초자료!DX64 -> 0.13329512 | V64: =VLOOKUP(F64,'목표실차율, 안정적가동률'!$J$3:$L$6,3,FALSE) -> 0.88 | W64: =기초자료!FI64 -> 0.56821113 | X64: =기초자료!FJ64 -> 0.50927268 | Y64: =기초자료!FK64 -> 0.51868796 | Z64: =VLOOKUP(F64,'목표실차율, 안정적가동률'!$J$3:$L$6,3,FALSE) -> 0.88 | AA64: =기초자료!GP64 -> #DIV/0! | AB64: =기초자료!GQ64 -> #DIV/0! | AC64: =기초자료!GR64 -> 0 | AD64: =ROUND(J64*(Q64/N64)*(Y64/V64),0) -> 19 | AE64: =ROUND(J64*(Q64/N64*0.8+U64/R64*0.2)*(Y64/V64),0) -> 21 | AF64: =AE64 -> 21 | AG64: =VLOOKUP(B64,'[1]Jan-Dec'!$B$2:$AY$61,50,0) -> #N/A | AH64: =ROUND(J64*(Q64/N64*0.8+U64/R64*0.2)*(AC64/Z64),0) -> 0 | AJ64: =J64-AD64 -> 70 | AK64: =J64-AF64 -> 68 | AM64: =ROUND(G64/J64,0) -> 466 | AO64: =IF(AM64>312,ROUND(AD64*0.1,0),0) -> 2 | AP64: =AD64+AO64 -> 21 | AQ64: =J64-AP64 -> 68 | AS64: =IF(AM64>312,ROUND(AF64*0.1,0),0) -> 2 | AT64: =AS64+AF64 -> 23 | AU64: =J64-AT64 -> 66 | AW64: =IF(AF64*1.15>J64,ROUND(AF64*0.15,0),0) -> 0 | AX64: =AF64+AW64 -> 21 | AY64: =J64-AX64 -> 68 | BA64: =IF(AF64*1.2>J64,ROUND(AF64*0.2,0),0) -> 0 | BB64: =AF64+BA64 -> 21 | BC64: =J64-BB64 -> 68
A65: 경상북도 경산시 | B65: 경산시 | C65: 시 | D65: 20~50만 이하 | E65: 50만 이하 | F65: 10부 | G65: 267076 | H65: 228 | I65: 378 | J65: 606 | K65: =기초자료!AV65/기초자료!I65 -> 0.94613405 | L65: =기초자료!AW65/기초자료!J65 -> 0.00044755457 | M65: =기초자료!AX65/기초자료!K65 -> 0.2716633 | N65: =VLOOKUP(E65,'목표실차율, 안정적가동률'!$A$3:$C$9,3,FALSE) -> 0.49 | O65: =기초자료!CI65 -> 0.46981796 | P65: =기초자료!CJ65 -> 0.4631477 | Q65: =기초자료!CK65 -> 0.46981012 | R65: =VLOOKUP(E65,'목표실차율, 안정적가동률'!$F$3:$G$9,2,FALSE) -> 0.34 | S65: =기초자료!DV65 -> 0.32037978 | T65: =기초자료!DW65 -> 0.32303805 | U65: =기초자료!DX65 -> 0.3203829 | V65: =VLOOKUP(F65,'목표실차율, 안정적가동률'!$J$3:$L$6,3,FALSE) -> 0.88 | W65: =기초자료!FI65 -> 0.81411726 | X65: =기초자료!FJ65 -> 0.76311647 | Y65: =기초자료!FK65 -> 0.81405733 | Z65: =VLOOKUP(F65,'목표실차율, 안정적가동률'!$J$3:$L$6,3,FALSE) -> 0.88 | AA65: =기초자료!GP65 -> #DIV/0! | AB65: =기초자료!GQ65 -> #DIV/0! | AC65: =기초자료!GR65 -> 0 | AD65: =ROUND(J65*(Q65/N65)*(Y65/V65),0) -> 537 | AE65: =ROUND(J65*(Q65/N65*0.8+U65/R65*0.2)*(Y65/V65),0) -> 536 | AF65: =AG65 -> 595.06273 | AG65: =VLOOKUP(B65,'[1]Jan-Dec'!$B$2:$AY$61,50,0) -> 595.06273 | AH65: =ROUND(J65*(Q65/N65*0.8+U65/R65*0.2)*(AC65/Z65),0) -> 0 | AJ65: =J65-AD65 -> 69 | AK65: =J65-AF65 -> 10.937269 | AM65: =ROUND(G65/J65,0) -> 441 | AO65: =IF(AM65>312,ROUND(AD65*0.1,0),0) -> 54 | AP65: =AD65+AO65 -> 591 | AQ65: =J65-AP65 -> 15 | AS65: =IF(AM65>312,ROUND(AF65*0.1,0),0) -> 60 | AT65: =AS65+AF65 -> 655.06273 | AU65: =J65-AT65 -> -49.062731 | AW65: =IF(AF65*1.15>J65,ROUND(AF65*0.15,0),0) -> 89 | AX65: =AF65+AW65 -> 684.06273 | AY65: =J65-AX65 -> -78.062731 | BA65: =IF(AF65*1.2>J65,ROUND(AF65*0.2,0),0) -> 119 | BB65: =AF65+BA65 -> 714.06273 | BC65: =J65-BB65 -> -108.06273
A66: 경상북도 경주시 | B66: 경주시 | C66: 시 | D66: 20~50만 이하 | E66: 50만 이하 | F66: 10부 | G66: 248244 | H66: 319 | I66: 771 | J66: 1090 | K66: =기초자료!AV66/기초자료!I66 -> 0.89180175 | L66: =기초자료!AW66/기초자료!J66 -> 0.90151771 | M66: =기초자료!AX66/기초자료!K66 -> 0.8986932 | N66: =VLOOKUP(E66,'목표실차율, 안정적가동률'!$A$3:$C$9,3,FALSE) -> 0.49 | O66: =기초자료!CI66 -> 0.41993484 | P66: =기초자료!CJ66 -> 0.44355791 | Q66: =기초자료!CK66 -> 0.43674315 | R66: =VLOOKUP(E66,'목표실차율, 안정적가동률'!$F$3:$G$9,2,FALSE) -> 0.34 | S66: =기초자료!DV66 -> 0.29068073 | T66: =기초자료!DW66 -> 0.30947394 | U66: =기초자료!DX66 -> 0.30405249 | V66: =VLOOKUP(F66,'목표실차율, 안정적가동률'!$J$3:$L$6,3,FALSE) -> 0.88 | W66: =기초자료!FI66 -> 0.79902122 | X66: =기초자료!FJ66 -> 0.75968604 | Y66: =기초자료!FK66 -> 0.77103342 | Z66: =VLOOKUP(F66,'목표실차율, 안정적가동률'!$J$3:$L$6,3,FALSE) -> 0.88 | AA66: =기초자료!GP66 -> #DIV/0! | AB66: =기초자료!GQ66 -> #DIV/0! | AC66: =기초자료!GR66 -> 0 | AD66: =ROUND(J66*(Q66/N66)*(Y66/V66),0) -> 851 | AE66: =ROUND(J66*(Q66/N66*0.8+U66/R66*0.2)*(Y66/V66),0) -> 852 | AF66: =AG66 -> 947.05808 | AG66: =VLOOKUP(B66,'[1]Jan-Dec'!$B$2:$AY$61,50,0) -> 947.05808 | AH66: =ROUND(J66*(Q66/N66*0.8+U66/R66*0.2)*(AC66/Z66),0) -> 0 | AJ66: =J66-AD66 -> 239 | AK66: =J66-AF66 -> 142.94192 | AM66: =ROUND(G66/J66,0) -> 228 | AO66: =IF(AM66>312,ROUND(AD66*0.1,0),0) -> 0 | AP66: =AD66+AO66 -> 851 | AQ66: =J66-AP66 -> 239 | AS66: =IF(AM66>312,ROUND(AF66*0.1,0),0) -> 0 | AT66: =AS66+AF66 -> 947.05808 | AU66: =J66-AT66 -> 142.94192 | AW66: =IF(AF66*1.15>J66,ROUND(AF66*0.15,0),0) -> 0 | AX66: =AF66+AW66 -> 947.05808 | AY66: =J66-AX66 -> 142.94192 | BA66: =IF(AF66*1.2>J66,ROUND(AF66*0.2,0),0) -> 189 | BB66: =AF66+BA66 -> 1136.0581 | BC66: =J66-BB66 -> -46.058084
A67: 경상북도 고령군 | B67: 고령군 | C67: 군 | D67: 군지역 | E67: 군지역 | F67: 10부 | G67: 30127 | H67: 13 | I67: 27 | J67: 40 | K67: =기초자료!AV67/기초자료!I67 -> 0.39001022 | L67: =기초자료!AW67/기초자료!J67 -> 0.30918293 | M67: =기초자료!AX67/기초자료!K67 -> 0.3325803 | N67: =VLOOKUP(E67,'목표실차율, 안정적가동률'!$A$3:$C$9,3,FALSE) -> 0.46 | O67: =기초자료!CI67 -> 0.36272501 | P67: =기초자료!CJ67 -> 0.30932172 | Q67: =기초자료!CK67 -> 0.32745 | R67: =VLOOKUP(E67,'목표실차율, 안정적가동률'!$F$3:$G$9,2,FALSE) -> 0.25 | S67: =기초자료!DV67 -> 0.21535923 | T67: =기초자료!DW67 -> 0.23851318 | U67: =기초자료!DX67 -> 0.23065334 | V67: =VLOOKUP(F67,'목표실차율, 안정적가동률'!$J$3:$L$6,3,FALSE) -> 0.88 | W67: =기초자료!FI67 -> 0.83651558 | X67: =기초자료!FJ67 -> 0.65890717 | Y67: =기초자료!FK67 -> 0.71919811 | Z67: =VLOOKUP(F67,'목표실차율, 안정적가동률'!$J$3:$L$6,3,FALSE) -> 0.88 | AA67: =기초자료!GP67 -> #DIV/0! | AB67: =기초자료!GQ67 -> #DIV/0! | AC67: =기초자료!GR67 -> 0 | AD67: =ROUND(J67*(Q67/N67)*(Y67/V67),0) -> 23 | AE67: =ROUND(J67*(Q67/N67*0.8+U67/R67*0.2)*(Y67/V67),0) -> 25 | AF67: =AD67 -> 23 | AG67: =VLOOKUP(B67,'[1]Jan-Dec'!$B$2:$AY$61,50,0) -> #N/A | AH67: =ROUND(J67*(Q67/N67*0.8+U67/R67*0.2)*(AC67/Z67),0) -> 0 | AJ67: =J67-AD67 -> 17 | AK67: =J67-AF67 -> 17 | AM67: =ROUND(G67/J67,0) -> 753 | AO67: =IF(AM67>312,ROUND(AD67*0.1,0),0) -> 2 | AP67: =AD67+AO67 -> 25 | AQ67: =J67-AP67 -> 15 | AS67: =IF(AM67>312,ROUND(AF67*0.1,0),0) -> 2 | AT67: =AS67+AF67 -> 25 | AU67: =J67-AT67 -> 15 | AW67: =IF(AF67*1.15>J67,ROUND(AF67*0.15,0),0) -> 0 | AX67: =AF67+AW67 -> 23 | AY67: =J67-AX67 -> 17 | BA67: =IF(AF67*1.2>J67,ROUND(AF67*0.2,0),0) -> 0 | BB67: =AF67+BA67 -> 23 | BC67: =J67-BB67 -> 17
A68: 경상북도 구미시 | B68: 구미시 | C68: 시 | D68: 20~50만 이하 | E68: 50만 이하 | F68: 10부 | G68: 406053 | H68: 406 | I68: 1342 | J68: 1748 | K68: =기초자료!AV68/기초자료!I68 -> 0.73465691 | L68: =기초자료!AW68/기초자료!J68 -> 0.0021139659 | M68: =기초자료!AX68/기초자료!K68 -> 0.13412384 | N68: =VLOOKUP(E68,'목표실차율, 안정적가동률'!$A$3:$C$9,3,FALSE) -> 0.49 | O68: =기초자료!CI68 -> 0.53676888 | P68: =기초자료!CJ68 -> 0.46911114 | Q68: =기초자료!CK68 -> 0.53589468 | R68: =VLOOKUP(E68,'목표실차율, 안정적가동률'!$F$3:$G$9,2,FALSE) -> 0.34 | S68: =기초자료!DV68 -> 0.37852628 | T68: =기초자료!DW68 -> 0.28263012 | U68: =기초자료!DX68 -> 0.3772872 | V68: =VLOOKUP(F68,'목표실차율, 안정적가동률'!$J$3:$L$6,3,FALSE) -> 0.88 | W68: =기초자료!FI68 -> 0.8414235 | X68: =기초자료!FJ68 -> 0.93264829 | Y68: =기초자료!FK68 -> 0.84260221 | Z68: =VLOOKUP(F68,'목표실차율, 안정적가동률'!$J$3:$L$6,3,FALSE) -> 0.88 | AA68: =기초자료!GP68 -> #DIV/0! | AB68: =기초자료!GQ68 -> #DIV/0! | AC68: =기초자료!GR68 -> 0 | AD68: =ROUND(J68*(Q68/N68)*(Y68/V68),0) -> 1830 | AE68: =ROUND(J68*(Q68/N68*0.8+U68/R68*0.2)*(Y68/V68),0) -> 1836 | AF68: =AG68 -> 1952.7448 | AG68: =VLOOKUP(B68,'[1]Jan-Dec'!$B$2:$AY$61,50,0) -> 1952.7448 | AH68: =ROUND(J68*(Q68/N68*0.8+U68/R68*0.2)*(AC68/Z68),0) -> 0 | AJ68: =J68-AD68 -> -82 | AK68: =J68-AF68 -> -204.74479 | AM68: =ROUND(G68/J68,0) -> 232 | AO68: =IF(AM68>312,ROUND(AD68*0.1,0),0) -> 0 | AP68: =AD68+AO68 -> 1830 | AQ68: =J68-AP68 -> -82 | AS68: =IF(AM68>312,ROUND(AF68*0.1,0),0) -> 0 | AT68: =AS68+AF68 -> 1952.7448 | AU68: =J68-AT68 -> -204.74479 | AW68: =IF(AF68*1.15>J68,ROUND(AF68*0.15,0),0) -> 293 | AX68: =AF68+AW68 -> 2245.7448 | AY68: =J68-AX68 -> -497.74479 | BA68: =IF(AF68*1.2>J68,ROUND(AF68*0.2,0),0) -> 391 | BB68: =AF68+BA68 -> 2343.7448 | BC68: =J68-BB68 -> -595.74479
A69: 경상북도 김천시 | B69: 김천시 | C69: 시 | D69: 20만 이하 | E69: 20만 이하 | F69: 10부 | G69: 138059 | H69: 198 | I69: 317 | J69: 515 | K69: =기초자료!AV69/기초자료!I69 -> 0.92198668 | L69: =기초자료!AW69/기초자료!J69 -> 0.82587426 | M69: =기초자료!AX69/기초자료!K69 -> 0.849617 | N69: =VLOOKUP(E69,'목표실차율, 안정적가동률'!$A$3:$C$9,3,FALSE) -> 0.48 | O69: =기초자료!CI69 -> 0.34522927 | P69: =기초자료!CJ69 -> 0.44604484 | Q69: =기초자료!CK69 -> 0.41901893 | R69: =VLOOKUP(E69,'목표실차율, 안정적가동률'!$F$3:$G$9,2,FALSE) -> 0.25 | S69: =기초자료!DV69 -> 0.19584002 | T69: =기초자료!DW69 -> 0.23008525 | U69: =기초자료!DX69 -> 0.22090504 | V69: =VLOOKUP(F69,'목표실차율, 안정적가동률'!$J$3:$L$6,3,FALSE) -> 0.88 | W69: =기초자료!FI69 -> 0.8154226 | X69: =기초자료!FJ69 -> 0.83408331 | Y69: =기초자료!FK69 -> 0.82908088 | Z69: =VLOOKUP(F69,'목표실차율, 안정적가동률'!$J$3:$L$6,3,FALSE) -> 0.88 | AA69: =기초자료!GP69 -> #DIV/0! | AB69: =기초자료!GQ69 -> #DIV/0! | AC69: =기초자료!GR69 -> 0 | AD69: =ROUND(J69*(Q69/N69)*(Y69/V69),0) -> 424 | AE69: =ROUND(J69*(Q69/N69*0.8+U69/R69*0.2)*(Y69/V69),0) -> 425 | AF69: =AG69 -> 439.48293 | AG69: =VLOOKUP(B69,'[1]Jan-Dec'!$B$2:$AY$61,50,0) -> 439.48293 | AH69: =ROUND(J69*(Q69/N69*0.8+U69/R69*0.2)*(AC69/Z69),0) -> 0 | AJ69: =J69-AD69 -> 91 | AK69: =J69-AF69 -> 75.517075 | AM69: =ROUND(G69/J69,0) -> 268 | AO69: =IF(AM69>312,ROUND(AD69*0.1,0),0) -> 0 | AP69: =AD69+AO69 -> 424 | AQ69: =J69-AP69 -> 91 | AS69: =IF(AM69>312,ROUND(AF69*0.1,0),0) -> 0 | AT69: =AS69+AF69 -> 439.48293 | AU69: =J69-AT69 -> 75.517075 | AW69: =IF(AF69*1.15>J69,ROUND(AF69*0.15,0),0) -> 0 | AX69: =AF69+AW69 -> 439.48293 | AY69: =J69-AX69 -> 75.517075 | BA69: =IF(AF69*1.2>J69,ROUND(AF69*0.2,0),0) -> 88 | BB69: =AF69+BA69 -> 527.48293 | BC69: =J69-BB69 -> -12.482925
A70: 경상북도 봉화군 | B70: 봉화군 | C70: 군 | D70: 군지역 | E70: 군지역 | F70: 10부 | G70: 29863 | H70: 23 | I70: 36 | J70: 59 | K70: =기초자료!AV70/기초자료!I70 -> 0.97924874 | L70: =기초자료!AW70/기초자료!J70 -> 0.87205065 | M70: =기초자료!AX70/기초자료!K70 -> 0.90503468 | N70: =VLOOKUP(E70,'목표실차율, 안정적가동률'!$A$3:$C$9,3,FALSE) -> 0.46 | O70: =기초자료!CI70 -> 0.14569436 | P70: =기초자료!CJ70 -> 0.2462711 | Q70: =기초자료!CK70 -> 0.21278674 | R70: =VLOOKUP(E70,'목표실차율, 안정적가동률'!$F$3:$G$9,2,FALSE) -> 0.25 | S70: =기초자료!DV70 -> 0.10388301 | T70: =기초자료!DW70 -> 0.18317548 | U70: =기초자료!DX70 -> 0.15677715 | V70: =VLOOKUP(F70,'목표실차율, 안정적가동률'!$J$3:$L$6,3,FALSE) -> 0.88 | W70: =기초자료!FI70 -> 0.52453142 | X70: =기초자료!FJ70 -> 0.59972166 | Y70: =기초자료!FK70 -> 0.57468907 | Z70: =VLOOKUP(F70,'목표실차율, 안정적가동률'!$J$3:$L$6,3,FALSE) -> 0.88 | AA70: =기초자료!GP70 -> #DIV/0! | AB70: =기초자료!GQ70 -> #DIV/0! | AC70: =기초자료!GR70 -> 0 | AD70: =ROUND(J70*(Q70/N70)*(Y70/V70),0) -> 18 | AE70: =ROUND(J70*(Q70/N70*0.8+U70/R70*0.2)*(Y70/V70),0) -> 19 | AF70: =AE70 -> 19 | AG70: =VLOOKUP(B70,'[1]Jan-Dec'!$B$2:$AY$61,50,0) -> #N/A | AH70: =ROUND(J70*(Q70/N70*0.8+U70/R70*0.2)*(AC70/Z70),0) -> 0 | AJ70: =J70-AD70 -> 41 | AK70: =J70-AF70 -> 40 | AM70: =ROUND(G70/J70,0) -> 506 | AO70: =IF(AM70>312,ROUND(AD70*0.1,0),0) -> 2 | AP70: =AD70+AO70 -> 20 | AQ70: =J70-AP70 -> 39 | AS70: =IF(AM70>312,ROUND(AF70*0.1,0),0) -> 2 | AT70: =AS70+AF70 -> 21 | AU70: =J70-AT70 -> 38 | AW70: =IF(AF70*1.15>J70,ROUND(AF70*0.15,0),0) -> 0 | AX70: =AF70+AW70 -> 19 | AY70: =J70-AX70 -> 40 | BA70: =IF(AF70*1.2>J70,ROUND(AF70*0.2,0),0) -> 0 | BB70: =AF70+BA70 -> 19 | BC70: =J70-BB70 -> 40
A71: 경상북도 상주시 | B71: 상주시 | C71: 시 | D71: 20만 이하 | E71: 20만 이하 | F71: 10부 | G71: 94168 | H71: 83 | I71: 200 | J71: 283 | K71: =기초자료!AV71/기초자료!I71 -> 0.91848238 | L71: =기초자료!AW71/기초자료!J71 -> 0.87093463 | M71: =기초자료!AX71/기초자료!K71 -> 0.88487973 | N71: =VLOOKUP(E71,'목표실차율, 안정적가동률'!$A$3:$C$9,3,FALSE) -> 0.48 | O71: =기초자료!CI71 -> 0.25060385 | P71: =기초자료!CJ71 -> 0.31268172 | Q71: =기초자료!CK71 -> 0.29378375 | R71: =VLOOKUP(E71,'목표실차율, 안정적가동률'!$F$3:$G$9,2,FALSE) -> 0.25 | S71: =기초자료!DV71 -> 0.14464756 | T71: =기초자료!DW71 -> 0.17020206 | U71: =기초자료!DX71 -> 0.16242267 | V71: =VLOOKUP(F71,'목표실차율, 안정적가동률'!$J$3:$L$6,3,FALSE) -> 0.88 | W71: =기초자료!FI71 -> 0.79879665 | X71: =기초자료!FJ71 -> 0.79757717 | Y71: =기초자료!FK71 -> 0.79794841 | Z71: =VLOOKUP(F71,'목표실차율, 안정적가동률'!$J$3:$L$6,3,FALSE) -> 0.88 | AA71: =기초자료!GP71 -> #DIV/0! | AB71: =기초자료!GQ71 -> #DIV/0! | AC71: =기초자료!GR71 -> 0 | AD71: =ROUND(J71*(Q71/N71)*(Y71/V71),0) -> 157 | AE71: =ROUND(J71*(Q71/N71*0.8+U71/R71*0.2)*(Y71/V71),0) -> 159 | AF71: =AG71 -> 164.46201 | AG71: =VLOOKUP(B71,'[1]Jan-Dec'!$B$2:$AY$61,50,0) -> 164.46201 | AH71: =ROUND(J71*(Q71/N71*0.8+U71/R71*0.2)*(AC71/Z71),0) -> 0 | AJ71: =J71-AD71 -> 126 | AK71: =J71-AF71 -> 118.53799 | AM71: =ROUND(G71/J71,0) -> 333 | AO71: =IF(AM71>312,ROUND(AD71*0.1,0),0) -> 16 | AP71: =AD71+AO71 -> 173 | AQ71: =J71-AP71 -> 110 | AS71: =IF(AM71>312,ROUND(AF71*0.1,0),0) -> 16 | AT71: =AS71+AF71 -> 180.46201 | AU71: =J71-AT71 -> 102.53799 | AW71: =IF(AF71*1.15>J71,ROUND(AF71*0.15,0),0) -> 0 | AX71: =AF71+AW71 -> 164.46201 | AY71: =J71-AX71 -> 118.53799 | BA71: =IF(AF71*1.2>J71,ROUND(AF71*0.2,0),0) -> 0 | BB71: =AF71+BA71 -> 164.46201 | BC71: =J71-BB71 -> 118.53799
A72: 경상북도 문경시 | B72: 문경시 | C72: 시 | D72: 20만 이하 | E72: 20만 이하 | F72: 10부 | G72: 69171 | H72: 88 | I72: 173 | J72: 261 | K72: =기초자료!AV72/기초자료!I72 -> 0.58809669 | L72: =기초자료!AW72/기초자료!J72 -> 0 | M72: =기초자료!AX72/기초자료!K72 -> 0.19828547 | N72: =VLOOKUP(E72,'목표실차율, 안정적가동률'!$A$3:$C$9,3,FALSE) -> 0.48 | O72: =기초자료!CI72 -> 0.3491092 | P72: =기초자료!CJ72 -> 0.3905014 | Q72: =기초자료!CK72 -> 0.3491092 | R72: =VLOOKUP(E72,'목표실차율, 안정적가동률'!$F$3:$G$9,2,FALSE) -> 0.25 | S72: =기초자료!DV72 -> 0.1877688 | T72: =기초자료!DW72 -> 0.25198962 | U72: =기초자료!DX72 -> 0.1877688 | V72: =VLOOKUP(F72,'목표실차율, 안정적가동률'!$J$3:$L$6,3,FALSE) -> 0.88 | W72: =기초자료!FI72 -> 0.8147974 | X72: =기초자료!FJ72 -> 0.74681239 | Y72: =기초자료!FK72 -> 0.8147974 | Z72: =VLOOKUP(F72,'목표실차율, 안정적가동률'!$J$3:$L$6,3,FALSE) -> 0.88 | AA72: =기초자료!GP72 -> #DIV/0! | AB72: =기초자료!GQ72 -> #DIV/0! | AC72: =기초자료!GR72 -> 0 | AD72: =ROUND(J72*(Q72/N72)*(Y72/V72),0) -> 176 | AE72: =ROUND(J72*(Q72/N72*0.8+U72/R72*0.2)*(Y72/V72),0) -> 177 | AF72: =AG72 -> 183.02511 | AG72: =VLOOKUP(B72,'[1]Jan-Dec'!$B$2:$AY$61,50,0) -> 183.02511 | AH72: =ROUND(J72*(Q72/N72*0.8+U72/R72*0.2)*(AC72/Z72),0) -> 0 | AJ72: =J72-AD72 -> 85 | AK72: =J72-AF72 -> 77.97489 | AM72: =ROUND(G72/J72,0) -> 265 | AO72: =IF(AM72>312,ROUND(AD72*0.1,0),0) -> 0 | AP72: =AD72+AO72 -> 176 | AQ72: =J72-AP72 -> 85 | AS72: =IF(AM72>312,ROUND(AF72*0.1,0),0) -> 0 | AT72: =AS72+AF72 -> 183.02511 | AU72: =J72-AT72 -> 77.97489 | AW72: =IF(AF72*1.15>J72,ROUND(AF72*0.15,0),0) -> 0 | AX72: =AF72+AW72 -> 183.02511 | AY72: =J72-AX72 -> 77.97489 | BA72: =IF(AF72*1.2>J72,ROUND(AF72*0.2,0),0) -> 0 | BB72: =AF72+BA72 -> 183.02511 | BC72: =J72-BB72 -> 77.97489
A73: 경상북도 안동시 | B73: 안동시 | C73: 시 | D73: 20만 이하 | E73: 20만 이하 | F73: 10부 | G73: 153306 | H73: 207 | I73: 480 | J73: 687 | K73: =기초자료!AV73/기초자료!I73 -> 0.87901056 | L73: =기초자료!AW73/기초자료!J73 -> 0.080145815 | M73: =기초자료!AX73/기초자료!K73 -> 0.29268781 | N73: =VLOOKUP(E73,'목표실차율, 안정적가동률'!$A$3:$C$9,3,FALSE) -> 0.48 | O73: =기초자료!CI73 -> 0.29474608 | P73: =기초자료!CJ73 -> 0.31902181 | Q73: =기초자료!CK73 -> 0.29962487 | R73: =VLOOKUP(E73,'목표실차율, 안정적가동률'!$F$3:$G$9,2,FALSE) -> 0.25 | S73: =기초자료!DV73 -> 0.19575651 | T73: =기초자료!DW73 -> 0.2601036 | U73: =기초자료!DX73 -> 0.2086886 | V73: =VLOOKUP(F73,'목표실차율, 안정적가동률'!$J$3:$L$6,3,FALSE) -> 0.88 | W73: =기초자료!FI73 -> 0.78341134 | X73: =기초자료!FJ73 -> 0.370492 | Y73: =기초자료!FK73 -> 0.70042532 | Z73: =VLOOKUP(F73,'목표실차율, 안정적가동률'!$J$3:$L$6,3,FALSE) -> 0.88 | AA73: =기초자료!GP73 -> #DIV/0! | AB73: =기초자료!GQ73 -> #DIV/0! | AC73: =기초자료!GR73 -> 0 | AD73: =ROUND(J73*(Q73/N73)*(Y73/V73),0) -> 341 | AE73: =ROUND(J73*(Q73/N73*0.8+U73/R73*0.2)*(Y73/V73),0) -> 364 | AF73: =AG73 -> 381.32022 | AG73: =VLOOKUP(B73,'[1]Jan-Dec'!$B$2:$AY$61,50,0) -> 381.32022 | AH73: =ROUND(J73*(Q73/N73*0.8+U73/R73*0.2)*(AC73/Z73),0) -> 0 | AJ73: =J73-AD73 -> 346 | AK73: =J73-AF73 -> 305.67978 | AM73: =ROUND(G73/J73,0) -> 223 | AO73: =IF(AM73>312,ROUND(AD73*0.1,0),0) -> 0 | AP73: =AD73+AO73 -> 341 | AQ73: =J73-AP73 -> 346 | AS73: =IF(AM73>312,ROUND(AF73*0.1,0),0) -> 0 | AT73: =AS73+AF73 -> 381.32022 | AU73: =J73-AT73 -> 305.67978 | AW73: =IF(AF73*1.15>J73,ROUND(AF73*0.15,0),0) -> 0 | AX73: =AF73+AW73 -> 381.32022 | AY73: =J73-AX73 -> 305.67978 | BA73: =IF(AF73*1.2>J73,ROUND(AF73*0.2,0),0) -> 0 | BB73: =AF73+BA73 -> 381.32022 | BC73: =J73-BB73 -> 305.67978
A74: 경상북도 영덕군 | B74: 영덕군 | C74: 군 | D74: 군지역 | E74: 군지역 | F74: 10부 | G74: 34201 | H74: 13 | I74: 59 | J74: 72 | K74: =기초자료!AV74/기초자료!I74 -> 0.90363573 | L74: =기초자료!AW74/기초자료!J74 -> 0.8826831 | M74: =기초자료!AX74/기초자료!K74 -> 0.88622439 | N74: =VLOOKUP(E74,'목표실차율, 안정적가동률'!$A$3:$C$9,3,FALSE) -> 0.46 | O74: =기초자료!CI74 -> 0.18902175 | P74: =기초자료!CJ74 -> 0.2805934 | Q74: =기초자료!CK74 -> 0.26481243 | R74: =VLOOKUP(E74,'목표실차율, 안정적가동률'!$F$3:$G$9,2,FALSE) -> 0.25 | S74: =기초자료!DV74 -> 0.18142293 | T74: =기초자료!DW74 -> 0.25688497 | U74: =기초자료!DX74 -> 0.24388024 | V74: =VLOOKUP(F74,'목표실차율, 안정적가동률'!$J$3:$L$6,3,FALSE) -> 0.88 | W74: =기초자료!FI74 -> 0.36797053 | X74: =기초자료!FJ74 -> 0.37716454 | Y74: =기초자료!FK74 -> 0.37558009 | Z74: =VLOOKUP(F74,'목표실차율, 안정적가동률'!$J$3:$L$6,3,FALSE) -> 0.88 | AA74: =기초자료!GP74 -> #DIV/0! | AB74: =기초자료!GQ74 -> #DIV/0! | AC74: =기초자료!GR74 -> 0 | AD74: =ROUND(J74*(Q74/N74)*(Y74/V74),0) -> 18 | AE74: =ROUND(J74*(Q74/N74*0.8+U74/R74*0.2)*(Y74/V74),0) -> 20 | AF74: =AE74 -> 20 | AG74: =VLOOKUP(B74,'[1]Jan-Dec'!$B$2:$AY$61,50,0) -> #N/A | AH74: =ROUND(J74*(Q74/N74*0.8+U74/R74*0.2)*(AC74/Z74),0) -> 0 | AJ74: =J74-AD74 -> 54 | AK74: =J74-AF74 -> 52 | AM74: =ROUND(G74/J74,0) -> 475 | AO74: =IF(AM74>312,ROUND(AD74*0.1,0),0) -> 2 | AP74: =AD74+AO74 -> 20 | AQ74: =J74-AP74 -> 52 | AS74: =IF(AM74>312,ROUND(AF74*0.1,0),0) -> 2 | AT74: =AS74+AF74 -> 22 | AU74: =J74-AT74 -> 50 | AW74: =IF(AF74*1.15>J74,ROUND(AF74*0.15,0),0) -> 0 | AX74: =AF74+AW74 -> 20 | AY74: =J74-AX74 -> 52 | BA74: =IF(AF74*1.2>J74,ROUND(AF74*0.2,0),0) -> 0 | BB74: =AF74+BA74 -> 20 | BC74: =J74-BB74 -> 52
A75: 경상북도 영양군 | B75: 영양군 | C75: 군 | D75: 군지역 | E75: 군지역 | F75: 10부 | G75: 15782 | H75: 15 | I75: 17 | J75: 32 | K75: =기초자료!AV75/기초자료!I75 -> 0.93817163 | L75: =기초자료!AW75/기초자료!J75 -> 0.94611006 | M75: =기초자료!AX75/기초자료!K75 -> 0.94238892 | N75: =VLOOKUP(E75,'목표실차율, 안정적가동률'!$A$3:$C$9,3,FALSE) -> 0.46 | O75: =기초자료!CI75 -> 0.38461167 | P75: =기초자료!CJ75 -> 0.3567842 | Q75: =기초자료!CK75 -> 0.36976995 | R75: =VLOOKUP(E75,'목표실차율, 안정적가동률'!$F$3:$G$9,2,FALSE) -> 0.25 | S75: =기초자료!DV75 -> 0.38630449 | T75: =기초자료!DW75 -> 0.26092243 | U75: =기초자료!DX75 -> 0.31943225 | V75: =VLOOKUP(F75,'목표실차율, 안정적가동률'!$J$3:$L$6,3,FALSE) -> 0.88 | W75: =기초자료!FI75 -> 0.45723472 | X75: =기초자료!FJ75 -> 0.58141142 | Y75: =기초자료!FK75 -> 0.52346408 | Z75: =VLOOKUP(F75,'목표실차율, 안정적가동률'!$J$3:$L$6,3,FALSE) -> 0.88 | AA75: =기초자료!GP75 -> #DIV/0! | AB75: =기초자료!GQ75 -> #DIV/0! | AC75: =기초자료!GR75 -> 0 | AD75: =ROUND(J75*(Q75/N75)*(Y75/V75),0) -> 15 | AE75: =ROUND(J75*(Q75/N75*0.8+U75/R75*0.2)*(Y75/V75),0) -> 17 | AF75: =AE75 -> 17 | AG75: =VLOOKUP(B75,'[1]Jan-Dec'!$B$2:$AY$61,50,0) -> #N/A | AH75: =ROUND(J75*(Q75/N75*0.8+U75/R75*0.2)*(AC75/Z75),0) -> 0 | AJ75: =J75-AD75 -> 17 | AK75: =J75-AF75 -> 15 | AM75: =ROUND(G75/J75,0) -> 493 | AO75: =IF(AM75>312,ROUND(AD75*0.1,0),0) -> 2 | AP75: =AD75+AO75 -> 17 | AQ75: =J75-AP75 -> 15 | AS75: =IF(AM75>312,ROUND(AF75*0.1,0),0) -> 2 | AT75: =AS75+AF75 -> 19 | AU75: =J75-AT75 -> 13 | AW75: =IF(AF75*1.15>J75,ROUND(AF75*0.15,0),0) -> 0 | AX75: =AF75+AW75 -> 17 | AY75: =J75-AX75 -> 15 | BA75: =IF(AF75*1.2>J75,ROUND(AF75*0.2,0),0) -> 0 | BB75: =AF75+BA75 -> 17 | BC75: =J75-BB75 -> 15
A76: 경상북도 영주시 | B76: 영주시 | C76: 시 | D76: 20만 이하 | E76: 20만 이하 | F76: 10부 | G76: 100011 | H76: 122 | I76: 336 | J76: 458 | K76: =기초자료!AV76/기초자료!I76 -> 0.9099589 | L76: =기초자료!AW76/기초자료!J76 -> 0.90416756 | M76: =기초자료!AX76/기초자료!K76 -> 0.90549585 | N76: =VLOOKUP(E76,'목표실차율, 안정적가동률'!$A$3:$C$9,3,FALSE) -> 0.48 | O76: =기초자료!CI76 -> 0.3069062 | P76: =기초자료!CJ76 -> 0.34536345 | Q76: =기초자료!CK76 -> 0.3364995 | R76: =VLOOKUP(E76,'목표실차율, 안정적가동률'!$F$3:$G$9,2,FALSE) -> 0.25 | S76: =기초자료!DV76 -> 0.18478943 | T76: =기초자료!DW76 -> 0.24200074 | U76: =기초자료!DX76 -> 0.22881421 | V76: =VLOOKUP(F76,'목표실차율, 안정적가동률'!$J$3:$L$6,3,FALSE) -> 0.88 | W76: =기초자료!FI76 -> 0.78316605 | X76: =기초자료!FJ76 -> 0.7228694 | Y76: =기초자료!FK76 -> 0.73676707 | Z76: =VLOOKUP(F76,'목표실차율, 안정적가동률'!$J$3:$L$6,3,FALSE) -> 0.88 | AA76: =기초자료!GP76 -> #DIV/0! | AB76: =기초자료!GQ76 -> #DIV/0! | AC76: =기초자료!GR76 -> 0 | AD76: =ROUND(J76*(Q76/N76)*(Y76/V76),0) -> 269 | AE76: =ROUND(J76*(Q76/N76*0.8+U76/R76*0.2)*(Y76/V76),0) -> 285 | AF76: =AG76 -> 294.59971 | AG76: =VLOOKUP(B76,'[1]Jan-Dec'!$B$2:$AY$61,50,0) -> 294.59971 | AH76: =ROUND(J76*(Q76/N76*0.8+U76/R76*0.2)*(AC76/Z76),0) -> 0 | AJ76: =J76-AD76 -> 189 | AK76: =J76-AF76 -> 163.40029 | AM76: =ROUND(G76/J76,0) -> 218 | AO76: =IF(AM76>312,ROUND(AD76*0.1,0),0) -> 0 | AP76: =AD76+AO76 -> 269 | AQ76: =J76-AP76 -> 189 | AS76: =IF(AM76>312,ROUND(AF76*0.1,0),0) -> 0 | AT76: =AS76+AF76 -> 294.59971 | AU76: =J76-AT76 -> 163.40029 | AW76: =IF(AF76*1.15>J76,ROUND(AF76*0.15,0),0) -> 0 | AX76: =AF76+AW76 -> 294.59971 | AY76: =J76-AX76 -> 163.40029 | BA76: =IF(AF76*1.2>J76,ROUND(AF76*0.2,0),0) -> 0 | BB76: =AF76+BA76 -> 294.59971 | BC76: =J76-BB76 -> 163.40029
A77: 경상북도 영천시 | B77: 영천시 | C77: 시 | D77: 20만 이하 | E77: 20만 이하 | F77: 10부 | G77: 100416 | H77: 123 | I77: 198 | J77: 321 | K77: =기초자료!AV77/기초자료!I77 -> 0.86796327 | L77: =기초자료!AW77/기초자료!J77 -> 0.84368528 | M77: =기초자료!AX77/기초자료!K77 -> 0.85230515 | N77: =VLOOKUP(E77,'목표실차율, 안정적가동률'!$A$3:$C$9,3,FALSE) -> 0.48 | O77: =기초자료!CI77 -> 0.37839446 | P77: =기초자료!CJ77 -> 0.42659663 | Q77: =기초자료!CK77 -> 0.40916809 | R77: =VLOOKUP(E77,'목표실차율, 안정적가동률'!$F$3:$G$9,2,FALSE) -> 0.25 | S77: =기초자료!DV77 -> 0.23858611 | T77: =기초자료!DW77 -> 0.3678863 | U77: =기초자료!DX77 -> 0.32113502 | V77: =VLOOKUP(F77,'목표실차율, 안정적가동률'!$J$3:$L$6,3,FALSE) -> 0.88 | W77: =기초자료!FI77 -> 0.82253386 | X77: =기초자료!FJ77 -> 0.3866765 | Y77: =기초자료!FK77 -> 0.54427016 | Z77: =VLOOKUP(F77,'목표실차율, 안정적가동률'!$J$3:$L$6,3,FALSE) -> 0.88 | AA77: =기초자료!GP77 -> #DIV/0! | AB77: =기초자료!GQ77 -> #DIV/0! | AC77: =기초자료!GR77 -> 0 | AD77: =ROUND(J77*(Q77/N77)*(Y77/V77),0) -> 169 | AE77: =ROUND(J77*(Q77/N77*0.8+U77/R77*0.2)*(Y77/V77),0) -> 186 | AF77: =AG77 -> 191.01438 | AG77: =VLOOKUP(B77,'[1]Jan-Dec'!$B$2:$AY$61,50,0) -> 191.01438 | AH77: =ROUND(J77*(Q77/N77*0.8+U77/R77*0.2)*(AC77/Z77),0) -> 0 | AJ77: =J77-AD77 -> 152 | AK77: =J77-AF77 -> 129.98562 | AM77: =ROUND(G77/J77,0) -> 313 | AO77: =IF(AM77>312,ROUND(AD77*0.1,0),0) -> 17 | AP77: =AD77+AO77 -> 186 | AQ77: =J77-AP77 -> 135 | AS77: =IF(AM77>312,ROUND(AF77*0.1,0),0) -> 19 | AT77: =AS77+AF77 -> 210.01438 | AU77: =J77-AT77 -> 110.98562 | AW77: =IF(AF77*1.15>J77,ROUND(AF77*0.15,0),0) -> 0 | AX77: =AF77+AW77 -> 191.01438 | AY77: =J77-AX77 -> 129.98562 | BA77: =IF(AF77*1.2>J77,ROUND(AF77*0.2,0),0) -> 0 | BB77: =AF77+BA77 -> 191.01438 | BC77: =J77-BB77 -> 129.98562
A78: 경상북도 예천군 | B78: 예천군 | C78: 군 | D78: 군지역 | E78: 군지역 | F78: 10부 | G78: 55525 | H78: 50 | I78: 71 | J78: 121 | K78: =기초자료!AV78/기초자료!I78 -> 0.93409881 | L78: =기초자료!AW78/기초자료!J78 -> 0.010450535 | M78: =기초자료!AX78/기초자료!K78 -> 0.39212338 | N78: =VLOOKUP(E78,'목표실차율, 안정적가동률'!$A$3:$C$9,3,FALSE) -> 0.46 | O78: =기초자료!CI78 -> 0.24935387 | P78: =기초자료!CJ78 -> 0.25421136 | Q78: =기초자료!CK78 -> 0.24942983 | R78: =VLOOKUP(E78,'목표실차율, 안정적가동률'!$F$3:$G$9,2,FALSE) -> 0.25 | S78: =기초자료!DV78 -> 0.1676286 | T78: =기초자료!DW78 -> 0.11813328 | U78: =기초자료!DX78 -> 0.16685457 | V78: =VLOOKUP(F78,'목표실차율, 안정적가동률'!$J$3:$L$6,3,FALSE) -> 0.88 | W78: =기초자료!FI78 -> 0.64751856 | X78: =기초자료!FJ78 -> 0.58204677 | Y78: =기초자료!FK78 -> 0.64649469 | Z78: =VLOOKUP(F78,'목표실차율, 안정적가동률'!$J$3:$L$6,3,FALSE) -> 0.88 | AA78: =기초자료!GP78 -> #DIV/0! | AB78: =기초자료!GQ78 -> #DIV/0! | AC78: =기초자료!GR78 -> 0 | AD78: =ROUND(J78*(Q78/N78)*(Y78/V78),0) -> 48 | AE78: =ROUND(J78*(Q78/N78*0.8+U78/R78*0.2)*(Y78/V78),0) -> 50 | AF78: =AD78 -> 48 | AG78: =VLOOKUP(B78,'[1]Jan-Dec'!$B$2:$AY$61,50,0) -> #N/A | AH78: =ROUND(J78*(Q78/N78*0.8+U78/R78*0.2)*(AC78/Z78),0) -> 0 | AJ78: =J78-AD78 -> 73 | AK78: =J78-AF78 -> 73 | AM78: =ROUND(G78/J78,0) -> 459 | AO78: =IF(AM78>312,ROUND(AD78*0.1,0),0) -> 5 | AP78: =AD78+AO78 -> 53 | AQ78: =J78-AP78 -> 68 | AS78: =IF(AM78>312,ROUND(AF78*0.1,0),0) -> 5 | AT78: =AS78+AF78 -> 53 | AU78: =J78-AT78 -> 68 | AW78: =IF(AF78*1.15>J78,ROUND(AF78*0.15,0),0) -> 0 | AX78: =AF78+AW78 -> 48 | AY78: =J78-AX78 -> 73 | BA78: =IF(AF78*1.2>J78,ROUND(AF78*0.2,0),0) -> 0 | BB78: =AF78+BA78 -> 48 | BC78: =J78-BB78 -> 73
A79: 경상북도 울릉군 | B79: 울릉군 | C79: 군 | D79: 군지역 | E79: 군지역 | F79: 10부 | G79: 9114 | H79: 14 | I79: 33 | J79: 47 | K79: =기초자료!AV79/기초자료!I79 -> 0.83637022 | L79: =기초자료!AW79/기초자료!J79 -> 0.80845159 | M79: =기초자료!AX79/기초자료!K79 -> 0.81676778 | N79: =VLOOKUP(E79,'목표실차율, 안정적가동률'!$A$3:$C$9,3,FALSE) -> 0.46 | O79: =기초자료!CI79 -> 0.15209306 | P79: =기초자료!CJ79 -> 0.23206148 | Q79: =기초자료!CK79 -> 0.20766941 | R79: =VLOOKUP(E79,'목표실차율, 안정적가동률'!$F$3:$G$9,2,FALSE) -> 0.25 | S79: =기초자료!DV79 -> 0.18526222 | T79: =기초자료!DW79 -> 0.1729651 | U79: =기초자료!DX79 -> 0.17671598 | V79: =VLOOKUP(F79,'목표실차율, 안정적가동률'!$J$3:$L$6,3,FALSE) -> 0.88 | W79: =기초자료!FI79 -> 0.624733 | X79: =기초자료!FJ79 -> 0.58758015 | Y79: =기초자료!FK79 -> 0.59891256 | Z79: =VLOOKUP(F79,'목표실차율, 안정적가동률'!$J$3:$L$6,3,FALSE) -> 0.88 | AA79: =기초자료!GP79 -> #DIV/0! | AB79: =기초자료!GQ79 -> #DIV/0! | AC79: =기초자료!GR79 -> 0 | AD79: =ROUND(J79*(Q79/N79)*(Y79/V79),0) -> 14 | AE79: =ROUND(J79*(Q79/N79*0.8+U79/R79*0.2)*(Y79/V79),0) -> 16 | AF79: =AE79 -> 16 | AG79: =VLOOKUP(B79,'[1]Jan-Dec'!$B$2:$AY$61,50,0) -> #N/A | AH79: =ROUND(J79*(Q79/N79*0.8+U79/R79*0.2)*(AC79/Z79),0) -> 0 | AJ79: =J79-AD79 -> 33 | AK79: =J79-AF79 -> 31 | AM79: =ROUND(G79/J79,0) -> 194 | AO79: =IF(AM79>312,ROUND(AD79*0.1,0),0) -> 0 | AP79: =AD79+AO79 -> 14 | AQ79: =J79-AP79 -> 33 | AS79: =IF(AM79>312,ROUND(AF79*0.1,0),0) -> 0 | AT79: =AS79+AF79 -> 16 | AU79: =J79-AT79 -> 31 | AW79: =IF(AF79*1.15>J79,ROUND(AF79*0.15,0),0) -> 0 | AX79: =AF79+AW79 -> 16 | AY79: =J79-AX79 -> 31 | BA79: =IF(AF79*1.2>J79,ROUND(AF79*0.2,0),0) -> 0 | BB79: =AF79+BA79 -> 16 | BC79: =J79-BB79 -> 31
A80: 경상북도 울진군 | B80: 울진군 | C80: 군 | D80: 군지역 | E80: 군지역 | F80: 10부 | G80: 46754 | H80: 22 | I80: 71 | J80: 93 | K80: =기초자료!AV80/기초자료!I80 -> 0.94055446 | L80: =기초자료!AW80/기초자료!J80 -> 0.59142183 | M80: =기초자료!AX80/기초자료!K80 -> 0.67401234 | N80: =VLOOKUP(E80,'목표실차율, 안정적가동률'!$A$3:$C$9,3,FALSE) -> 0.46 | O80: =기초자료!CI80 -> 0.23204033 | P80: =기초자료!CJ80 -> 0.26673986 | Q80: =기초자료!CK80 -> 0.25528527 | R80: =VLOOKUP(E80,'목표실차율, 안정적가동률'!$F$3:$G$9,2,FALSE) -> 0.25 | S80: =기초자료!DV80 -> 0.14505226 | T80: =기초자료!DW80 -> 0.18646099 | U80: =기초자료!DX80 -> 0.17279165 | V80: =VLOOKUP(F80,'목표실차율, 안정적가동률'!$J$3:$L$6,3,FALSE) -> 0.88 | W80: =기초자료!FI80 -> 0.67160541 | X80: =기초자료!FJ80 -> 0.6091153 | Y80: =기초자료!FK80 -> 0.62974378 | Z80: =VLOOKUP(F80,'목표실차율, 안정적가동률'!$J$3:$L$6,3,FALSE) -> 0.88 | AA80: =기초자료!GP80 -> #DIV/0! | AB80: =기초자료!GQ80 -> #DIV/0! | AC80: =기초자료!GR80 -> 0 | AD80: =ROUND(J80*(Q80/N80)*(Y80/V80),0) -> 37 | AE80: =ROUND(J80*(Q80/N80*0.8+U80/R80*0.2)*(Y80/V80),0) -> 39 | AF80: =AD80 -> 37 | AG80: =VLOOKUP(B80,'[1]Jan-Dec'!$B$2:$AY$61,50,0) -> #N/A | AH80: =ROUND(J80*(Q80/N80*0.8+U80/R80*0.2)*(AC80/Z80),0) -> 0 | AJ80: =J80-AD80 -> 56 | AK80: =J80-AF80 -> 56 | AM80: =ROUND(G80/J80,0) -> 503 | AO80: =IF(AM80>312,ROUND(AD80*0.1,0),0) -> 4 | AP80: =AD80+AO80 -> 41 | AQ80: =J80-AP80 -> 52 | AS80: =IF(AM80>312,ROUND(AF80*0.1,0),0) -> 4 | AT80: =AS80+AF80 -> 41 | AU80: =J80-AT80 -> 52 | AW80: =IF(AF80*1.15>J80,ROUND(AF80*0.15,0),0) -> 0 | AX80: =AF80+AW80 -> 37 | AY80: =J80-AX80 -> 56 | BA80: =IF(AF80*1.2>J80,ROUND(AF80*0.2,0),0) -> 0 | BB80: =AF80+BA80 -> 37 | BC80: =J80-BB80 -> 56
A81: 경상북도 의성군 | B81: 의성군 | C81: 군 | D81: 군지역 | E81: 군지역 | F81: 10부 | G81: 50016 | H81: 21 | I81: 62 | J81: 83 | K81: =기초자료!AV81/기초자료!I81 -> 0.89693054 | L81: =기초자료!AW81/기초자료!J81 -> 0.86958733 | M81: =기초자료!AX81/기초자료!K81 -> 0.8762564 | N81: =VLOOKUP(E81,'목표실차율, 안정적가동률'!$A$3:$C$9,3,FALSE) -> 0.46 | O81: =기초자료!CI81 -> 0.1897208 | P81: =기초자료!CJ81 -> 0.18711556 | Q81: =기초자료!CK81 -> 0.18776598 | R81: =VLOOKUP(E81,'목표실차율, 안정적가동률'!$F$3:$G$9,2,FALSE) -> 0.25 | S81: =기초자료!DV81 -> 0.12584794 | T81: =기초자료!DW81 -> 0.13850138 | U81: =기초자료!DX81 -> 0.13534236 | V81: =VLOOKUP(F81,'목표실차율, 안정적가동률'!$J$3:$L$6,3,FALSE) -> 0.88 | W81: =기초자료!FI81 -> 0.62214265 | X81: =기초자료!FJ81 -> 0.53016411 | Y81: =기초자료!FK81 -> 0.5531272 | Z81: =VLOOKUP(F81,'목표실차율, 안정적가동률'!$J$3:$L$6,3,FALSE) -> 0.88 | AA81: =기초자료!GP81 -> #DIV/0! | AB81: =기초자료!GQ81 -> #DIV/0! | AC81: =기초자료!GR81 -> 0 | AD81: =ROUND(J81*(Q81/N81)*(Y81/V81),0) -> 21 | AE81: =ROUND(J81*(Q81/N81*0.8+U81/R81*0.2)*(Y81/V81),0) -> 23 | AF81: =AE81 -> 23 | AG81: =VLOOKUP(B81,'[1]Jan-Dec'!$B$2:$AY$61,50,0) -> #N/A | AH81: =ROUND(J81*(Q81/N81*0.8+U81/R81*0.2)*(AC81/Z81),0) -> 0 | AJ81: =J81-AD81 -> 62 | AK81: =J81-AF81 -> 60 | AM81: =ROUND(G81/J81,0) -> 603 | AO81: =IF(AM81>312,ROUND(AD81*0.1,0),0) -> 2 | AP81: =AD81+AO81 -> 23 | AQ81: =J81-AP81 -> 60 | AS81: =IF(AM81>312,ROUND(AF81*0.1,0),0) -> 2 | AT81: =AS81+AF81 -> 25 | AU81: =J81-AT81 -> 58 | AW81: =IF(AF81*1.15>J81,ROUND(AF81*0.15,0),0) -> 0 | AX81: =AF81+AW81 -> 23 | AY81: =J81-AX81 -> 60 | BA81: =IF(AF81*1.2>J81,ROUND(AF81*0.2,0),0) -> 0 | BB81: =AF81+BA81 -> 23 | BC81: =J81-BB81 -> 60
A82: 경상북도 청도군 | B82: 청도군 | C82: 군 | D82: 군지역 | E82: 군지역 | F82: 10부 | G82: 41450 | H82: 12 | I82: 57 | J82: 69 | K82: =기초자료!AV82/기초자료!I82 -> 0 | L82: =기초자료!AW82/기초자료!J82 -> 0.39868692 | M82: =기초자료!AX82/기초자료!K82 -> 0.33918141 | N82: =VLOOKUP(E82,'목표실차율, 안정적가동률'!$A$3:$C$9,3,FALSE) -> 0.46 | O82: =기초자료!CI82 -> 0.29813357 | P82: =기초자료!CJ82 -> 0.29523615 | Q82: =기초자료!CK82 -> 0.29523615 | R82: =VLOOKUP(E82,'목표실차율, 안정적가동률'!$F$3:$G$9,2,FALSE) -> 0.25 | S82: =기초자료!DV82 -> 0.19908838 | T82: =기초자료!DW82 -> 0.20834131 | U82: =기초자료!DX82 -> 0.20834131 | V82: =VLOOKUP(F82,'목표실차율, 안정적가동률'!$J$3:$L$6,3,FALSE) -> 0.88 | W82: =기초자료!FI82 -> 0.72735959 | X82: =기초자료!FJ82 -> 0.49590121 | Y82: =기초자료!FK82 -> 0.49590121 | Z82: =VLOOKUP(F82,'목표실차율, 안정적가동률'!$J$3:$L$6,3,FALSE) -> 0.88 | AA82: =기초자료!GP82 -> #DIV/0! | AB82: =기초자료!GQ82 -> #DIV/0! | AC82: =기초자료!GR82 -> 0 | AD82: =ROUND(J82*(Q82/N82)*(Y82/V82),0) -> 25 | AE82: =ROUND(J82*(Q82/N82*0.8+U82/R82*0.2)*(Y82/V82),0) -> 26 | AF82: =AD82 -> 25 | AG82: =VLOOKUP(B82,'[1]Jan-Dec'!$B$2:$AY$61,50,0) -> #N/A | AH82: =ROUND(J82*(Q82/N82*0.8+U82/R82*0.2)*(AC82/Z82),0) -> 0 | AJ82: =J82-AD82 -> 44 | AK82: =J82-AF82 -> 44 | AM82: =ROUND(G82/J82,0) -> 601 | AO82: =IF(AM82>312,ROUND(AD82*0.1,0),0) -> 3 | AP82: =AD82+AO82 -> 28 | AQ82: =J82-AP82 -> 41 | AS82: =IF(AM82>312,ROUND(AF82*0.1,0),0) -> 3 | AT82: =AS82+AF82 -> 28 | AU82: =J82-AT82 -> 41 | AW82: =IF(AF82*1.15>J82,ROUND(AF82*0.15,0),0) -> 0 | AX82: =AF82+AW82 -> 25 | AY82: =J82-AX82 -> 44 | BA82: =IF(AF82*1.2>J82,ROUND(AF82*0.2,0),0) -> 0 | BB82: =AF82+BA82 -> 25 | BC82: =J82-BB82 -> 44
A83: 경상북도 청송군 | B83: 청송군 | C83: 군 | D83: 군지역 | E83: 군지역 | F83: 10부 | G83: 24068 | H83: 17 | I83: 23 | J83: 40 | K83: =기초자료!AV83/기초자료!I83 -> 0.8909749 | L83: =기초자료!AW83/기초자료!J83 -> 0.87790406 | M83: =기초자료!AX83/기초자료!K83 -> 0.88345917 | N83: =VLOOKUP(E83,'목표실차율, 안정적가동률'!$A$3:$C$9,3,FALSE) -> 0.46 | O83: =기초자료!CI83 -> 0.29685624 | P83: =기초자료!CJ83 -> 0.31074965 | Q83: =기초자료!CK83 -> 0.30479472 | R83: =VLOOKUP(E83,'목표실차율, 안정적가동률'!$F$3:$G$9,2,FALSE) -> 0.25 | S83: =기초자료!DV83 -> 0.2184476 | T83: =기초자료!DW83 -> 0.26623191 | U83: =기초자료!DX83 -> 0.24575081 | V83: =VLOOKUP(F83,'목표실차율, 안정적가동률'!$J$3:$L$6,3,FALSE) -> 0.88 | W83: =기초자료!FI83 -> 0.35948595 | X83: =기초자료!FJ83 -> 0.46992798 | Y83: =기초자료!FK83 -> 0.42259081 | Z83: =VLOOKUP(F83,'목표실차율, 안정적가동률'!$J$3:$L$6,3,FALSE) -> 0.88 | AA83: =기초자료!GP83 -> #DIV/0! | AB83: =기초자료!GQ83 -> #DIV/0! | AC83: =기초자료!GR83 -> 0 | AD83: =ROUND(J83*(Q83/N83)*(Y83/V83),0) -> 13 | AE83: =ROUND(J83*(Q83/N83*0.8+U83/R83*0.2)*(Y83/V83),0) -> 14 | AF83: =AE83 -> 14 | AG83: =VLOOKUP(B83,'[1]Jan-Dec'!$B$2:$AY$61,50,0) -> #N/A | AH83: =ROUND(J83*(Q83/N83*0.8+U83/R83*0.2)*(AC83/Z83),0) -> 0 | AJ83: =J83-AD83 -> 27 | AK83: =J83-AF83 -> 26 | AM83: =ROUND(G83/J83,0) -> 602 | AO83: =IF(AM83>312,ROUND(AD83*0.1,0),0) -> 1 | AP83: =AD83+AO83 -> 14 | AQ83: =J83-AP83 -> 26 | AS83: =IF(AM83>312,ROUND(AF83*0.1,0),0) -> 1 | AT83: =AS83+AF83 -> 15 | AU83: =J83-AT83 -> 25 | AW83: =IF(AF83*1.15>J83,ROUND(AF83*0.15,0),0) -> 0 | AX83: =AF83+AW83 -> 14 | AY83: =J83-AX83 -> 26 | BA83: =IF(AF83*1.2>J83,ROUND(AF83*0.2,0),0) -> 0 | BB83: =AF83+BA83 -> 14 | BC83: =J83-BB83 -> 26
A84: 경상북도 칠곡군 | B84: 칠곡군 | C84: 군 | D84: 군지역 | E84: 군지역 | F84: 10부 | G84: 111173 | H84: 44 | I84: 176 | J84: 220 | K84: =기초자료!AV84/기초자료!I84 -> 0.86219655 | L84: =기초자료!AW84/기초자료!J84 -> 0.93472661 | M84: =기초자료!AX84/기초자료!K84 -> 0.92102278 | N84: =VLOOKUP(E84,'목표실차율, 안정적가동률'!$A$3:$C$9,3,FALSE) -> 0.46 | O84: =기초자료!CI84 -> 0.49224423 | P84: =기초자료!CJ84 -> 0.35439767 | Q84: =기초자료!CK84 -> 0.37877892 | R84: =VLOOKUP(E84,'목표실차율, 안정적가동률'!$F$3:$G$9,2,FALSE) -> 0.25 | S84: =기초자료!DV84 -> 0.28831513 | T84: =기초자료!DW84 -> 0.23363387 | U84: =기초자료!DX84 -> 0.24330547 | V84: =VLOOKUP(F84,'목표실차율, 안정적가동률'!$J$3:$L$6,3,FALSE) -> 0.88 | W84: =기초자료!FI84 -> 0.87956495 | X84: =기초자료!FJ84 -> 0.77676895 | Y84: =기초자료!FK84 -> 0.79495073 | Z84: =VLOOKUP(F84,'목표실차율, 안정적가동률'!$J$3:$L$6,3,FALSE) -> 0.88 | AA84: =기초자료!GP84 -> #DIV/0! | AB84: =기초자료!GQ84 -> #DIV/0! | AC84: =기초자료!GR84 -> 0 | AD84: =ROUND(J84*(Q84/N84)*(Y84/V84),0) -> 164 | AE84: =ROUND(J84*(Q84/N84*0.8+U84/R84*0.2)*(Y84/V84),0) -> 170 | AF84: =AE84 -> 170 | AG84: =VLOOKUP(B84,'[1]Jan-Dec'!$B$2:$AY$61,50,0) -> #N/A | AH84: =ROUND(J84*(Q84/N84*0.8+U84/R84*0.2)*(AC84/Z84),0) -> 0 | AJ84: =J84-AD84 -> 56 | AK84: =J84-AF84 -> 50 | AM84: =ROUND(G84/J84,0) -> 505 | AO84: =IF(AM84>312,ROUND(AD84*0.1,0),0) -> 16 | AP84: =AD84+AO84 -> 180 | AQ84: =J84-AP84 -> 40 | AS84: =IF(AM84>312,ROUND(AF84*0.1,0),0) -> 17 | AT84: =AS84+AF84 -> 187 | AU84: =J84-AT84 -> 33 | AW84: =IF(AF84*1.15>J84,ROUND(AF84*0.15,0),0) -> 0 | AX84: =AF84+AW84 -> 170 | AY84: =J84-AX84 -> 50 | BA84: =IF(AF84*1.2>J84,ROUND(AF84*0.2,0),0) -> 0 | BB84: =AF84+BA84 -> 170 | BC84: =J84-BB84 -> 50
A85: 경상북도 포항시 | B85: 포항시 | C85: 시 | D85: 20~50만 이하 | E85: 50만 이하 | F85: 10부 | G85: 493102 | H85: 855 | I85: 1853 | J85: 2708 | K85: =기초자료!AV85/기초자료!I85 -> 0.85521561 | L85: =기초자료!AW85/기초자료!J85 -> 0.87898865 | M85: =기초자료!AX85/기초자료!K85 -> 0.87294969 | N85: =VLOOKUP(E85,'목표실차율, 안정적가동률'!$A$3:$C$9,3,FALSE) -> 0.49 | O85: =기초자료!CI85 -> 0.51661831 | P85: =기초자료!CJ85 -> 0.37965098 | Q85: =기초자료!CK85 -> 0.41373738 | R85: =VLOOKUP(E85,'목표실차율, 안정적가동률'!$F$3:$G$9,2,FALSE) -> 0.34 | S85: =기초자료!DV85 -> 0.39008961 | T85: =기초자료!DW85 -> 0.28957671 | U85: =기초자료!DX85 -> 0.31459087 | V85: =VLOOKUP(F85,'목표실차율, 안정적가동률'!$J$3:$L$6,3,FALSE) -> 0.88 | W85: =기초자료!FI85 -> 0.77781707 | X85: =기초자료!FJ85 -> 0.69601303 | Y85: =기초자료!FK85 -> 0.71637121 | Z85: =VLOOKUP(F85,'목표실차율, 안정적가동률'!$J$3:$L$6,3,FALSE) -> 0.88 | AA85: =기초자료!GP85 -> #DIV/0! | AB85: =기초자료!GQ85 -> #DIV/0! | AC85: =기초자료!GR85 -> 0 | AD85: =ROUND(J85*(Q85/N85)*(Y85/V85),0) -> 1861 | AE85: =ROUND(J85*(Q85/N85*0.8+U85/R85*0.2)*(Y85/V85),0) -> 1897 | AF85: =AG85 -> 2052.1404 | AG85: =VLOOKUP(B85,'[1]Jan-Dec'!$B$2:$AY$61,50,0) -> 2052.1404 | AH85: =ROUND(J85*(Q85/N85*0.8+U85/R85*0.2)*(AC85/Z85),0) -> 0 | AJ85: =J85-AD85 -> 847 | AK85: =J85-AF85 -> 655.85965 | AM85: =ROUND(G85/J85,0) -> 182 | AO85: =IF(AM85>312,ROUND(AD85*0.1,0),0) -> 0 | AP85: =AD85+AO85 -> 1861 | AQ85: =J85-AP85 -> 847 | AS85: =IF(AM85>312,ROUND(AF85*0.1,0),0) -> 0 | AT85: =AS85+AF85 -> 2052.1404 | AU85: =J85-AT85 -> 655.85965 | AW85: =IF(AF85*1.15>J85,ROUND(AF85*0.15,0),0) -> 0 | AX85: =AF85+AW85 -> 2052.1404 | AY85: =J85-AX85 -> 655.85965 | BA85: =IF(AF85*1.2>J85,ROUND(AF85*0.2,0),0) -> 0 | BB85: =AF85+BA85 -> 2052.1404 | BC85: =J85-BB85 -> 655.85965
A86: 경상북도 성주군 | B86: 성주군 | C86: 군 | D86: 군지역 | E86: 군지역 | F86: 10부 | G86: 42245 | H86: 25 | I86: 24 | J86: 49 | K86: =기초자료!AV86/기초자료!I86 -> 0.94267221 | L86: =기초자료!AW86/기초자료!J86 -> 0.96024222 | M86: =기초자료!AX86/기초자료!K86 -> 0.95164413 | N86: =VLOOKUP(E86,'목표실차율, 안정적가동률'!$A$3:$C$9,3,FALSE) -> 0.46 | O86: =기초자료!CI86 -> 0.27600358 | P86: =기초자료!CJ86 -> 0.30240966 | Q86: =기초자료!CK86 -> 0.28960936 | R86: =VLOOKUP(E86,'목표실차율, 안정적가동률'!$F$3:$G$9,2,FALSE) -> 0.25 | S86: =기초자료!DV86 -> 0.19812756 | T86: =기초자료!DW86 -> 0.25839081 | U86: =기초자료!DX86 -> 0.22917832 | V86: =VLOOKUP(F86,'목표실차율, 안정적가동률'!$J$3:$L$6,3,FALSE) -> 0.88 | W86: =기초자료!FI86 -> 0.67931535 | X86: =기초자료!FJ86 -> 0.59881993 | Y86: =기초자료!FK86 -> 0.63783993 | Z86: =VLOOKUP(F86,'목표실차율, 안정적가동률'!$J$3:$L$6,3,FALSE) -> 0.88 | AA86: =기초자료!GP86 -> #DIV/0! | AB86: =기초자료!GQ86 -> #DIV/0! | AC86: =기초자료!GR86 -> 0 | AD86: =ROUND(J86*(Q86/N86)*(Y86/V86),0) -> 22 | AE86: =ROUND(J86*(Q86/N86*0.8+U86/R86*0.2)*(Y86/V86),0) -> 24 | AF86: =AE86 -> 24 | AG86: =VLOOKUP(B86,'[1]Jan-Dec'!$B$2:$AY$61,50,0) -> #N/A | AH86: =ROUND(J86*(Q86/N86*0.8+U86/R86*0.2)*(AC86/Z86),0) -> 0 | AJ86: =J86-AD86 -> 27 | AK86: =J86-AF86 -> 25 | AM86: =ROUND(G86/J86,0) -> 862 | AO86: =IF(AM86>312,ROUND(AD86*0.1,0),0) -> 2 | AP86: =AD86+AO86 -> 24 | AQ86: =J86-AP86 -> 25 | AS86: =IF(AM86>312,ROUND(AF86*0.1,0),0) -> 2 | AT86: =AS86+AF86 -> 26 | AU86: =J86-AT86 -> 23 | AW86: =IF(AF86*1.15>J86,ROUND(AF86*0.15,0),0) -> 0 | AX86: =AF86+AW86 -> 24 | AY86: =J86-AX86 -> 25 | BA86: =IF(AF86*1.2>J86,ROUND(AF86*0.2,0),0) -> 0 | BB86: =AF86+BA86 -> 24 | BC86: =J86-BB86 -> 25
A87: 광주광역시 | B87: 광주광역시 | C87: 시 | D87: 100~500만 이하 | E87: 200만 이하 | F87: 10부 | G87: 1422999 | H87: 3334 | I87: 4782 | J87: 8116 | K87: =기초자료!AV87/기초자료!I87 -> 0.81642335 | L87: =기초자료!AW87/기초자료!J87 -> 0.89108427 | M87: =기초자료!AX87/기초자료!K87 -> 0.86558327 | N87: =VLOOKUP(E87,'목표실차율, 안정적가동률'!$A$3:$C$9,3,FALSE) -> 0.51 | O87: =기초자료!CI87 -> 0.56922206 | P87: =기초자료!CJ87 -> 0.53830585 | Q87: =기초자료!CK87 -> 0.54826579 | R87: =VLOOKUP(E87,'목표실차율, 안정적가동률'!$F$3:$G$9,2,FALSE) -> 0.45 | S87: =기초자료!DV87 -> 0.42047308 | T87: =기초자료!DW87 -> 0.42582392 | U87: =기초자료!DX87 -> 0.4241001 | V87: =VLOOKUP(F87,'목표실차율, 안정적가동률'!$J$3:$L$6,3,FALSE) -> 0.88 | W87: =기초자료!FI87 -> 0.80369207 | X87: =기초자료!FJ87 -> 0.7483955 | Y87: =기초자료!FK87 -> 0.76620979 | Z87: =VLOOKUP(F87,'목표실차율, 안정적가동률'!$J$3:$L$6,3,FALSE) -> 0.88 | AA87: =기초자료!GP87 -> #DIV/0! | AB87: =기초자료!GQ87 -> #DIV/0! | AC87: =기초자료!GR87 -> 0 | AD87: =ROUND(J87*(Q87/N87)*(Y87/V87),0) -> 7597 | AE87: =ROUND(J87*(Q87/N87*0.8+U87/R87*0.2)*(Y87/V87),0) -> 7409 | AF87: =AE87 -> 7409 | AG87: =VLOOKUP(B87,'[1]Jan-Dec'!$B$2:$AY$61,50,0) -> #N/A | AH87: =ROUND(J87*(Q87/N87*0.8+U87/R87*0.2)*(AC87/Z87),0) -> 0 | AJ87: =J87-AD87 -> 519 | AK87: =J87-AF87 -> 707 | AM87: =ROUND(G87/J87,0) -> 175 | AO87: =IF(AM87>312,ROUND(AD87*0.1,0),0) -> 0 | AP87: =AD87+AO87 -> 7597 | AQ87: =J87-AP87 -> 519 | AS87: =IF(AM87>312,ROUND(AF87*0.1,0),0) -> 0 | AT87: =AS87+AF87 -> 7409 | AU87: =J87-AT87 -> 707 | AW87: =IF(AF87*1.15>J87,ROUND(AF87*0.15,0),0) -> 1111 | AX87: =AF87+AW87 -> 8520 | AY87: =J87-AX87 -> -404 | BA87: =IF(AF87*1.2>J87,ROUND(AF87*0.2,0),0) -> 1482 | BB87: =AF87+BA87 -> 8891 | BC87: =J87-BB87 -> -775
A88: 대구광역시 | B88: 대구광역시 | C88: 시 | D88: 100~500만 이하 | E88: 500만 이하 | F88: 10부 | G88: 2377801 | H88: 5664 | I88: 10040 | J88: 15704 | K88: =기초자료!AV88/기초자료!I88 -> 0.88362838 | L88: =기초자료!AW88/기초자료!J88 -> 0.63090045 | M88: =기초자료!AX88/기초자료!K88 -> 0.69615014 | N88: =VLOOKUP(E88,'목표실차율, 안정적가동률'!$A$3:$C$9,3,FALSE) -> 0.58 | O88: =기초자료!CI88 -> 0.40773675 | P88: =기초자료!CJ88 -> 0.43597501 | Q88: =기초자료!CK88 -> 0.426721 | R88: =VLOOKUP(E88,'목표실차율, 안정적가동률'!$F$3:$G$9,2,FALSE) -> 0.45 | S88: =기초자료!DV88 -> 0.29864449 | T88: =기초자료!DW88 -> 0.32835333 | U88: =기초자료!DX88 -> 0.3186174 | V88: =VLOOKUP(F88,'목표실차율, 안정적가동률'!$J$3:$L$6,3,FALSE) -> 0.88 | W88: =기초자료!FI88 -> 0.80024059 | X88: =기초자료!FJ88 -> 0.73052862 | Y88: =기초자료!FK88 -> 0.75337405 | Z88: =VLOOKUP(F88,'목표실차율, 안정적가동률'!$J$3:$L$6,3,FALSE) -> 0.88 | AA88: =기초자료!GP88 -> #DIV/0! | AB88: =기초자료!GQ88 -> #DIV/0! | AC88: =기초자료!GR88 -> 0 | AD88: =ROUND(J88*(Q88/N88)*(Y88/V88),0) -> 9891 | AE88: =ROUND(J88*(Q88/N88*0.8+U88/R88*0.2)*(Y88/V88),0) -> 9817 | AF88: =AE88 -> 9817 | AG88: =VLOOKUP(B88,'[1]Jan-Dec'!$B$2:$AY$61,50,0) -> #N/A | AH88: =ROUND(J88*(Q88/N88*0.8+U88/R88*0.2)*(AC88/Z88),0) -> 0 | AJ88: =J88-AD88 -> 5813 | AK88: =J88-AF88 -> 5887 | AM88: =ROUND(G88/J88,0) -> 151 | AO88: =IF(AM88>312,ROUND(AD88*0.1,0),0) -> 0 | AP88: =AD88+AO88 -> 9891 | AQ88: =J88-AP88 -> 5813 | AS88: =IF(AM88>312,ROUND(AF88*0.1,0),0) -> 0 | AT88: =AS88+AF88 -> 9817 | AU88: =J88-AT88 -> 5887 | AW88: =IF(AF88*1.15>J88,ROUND(AF88*0.15,0),0) -> 0 | AX88: =AF88+AW88 -> 9817 | AY88: =J88-AX88 -> 5887 | BA88: =IF(AF88*1.2>J88,ROUND(AF88*0.2,0),0) -> 0 | BB88: =AF88+BA88 -> 9817 | BC88: =J88-BB88 -> 5887
A89: 대전광역시 | B89: 대전광역시 | C89: 시 | D89: 100~500만 이하 | E89: 200만 이하 | F89: 10부 | G89: 1444595 | H89: 3312 | I89: 5330 | J89: 8642 | K89: =기초자료!AV89/기초자료!I89 -> 0.87342031 | L89: =기초자료!AW89/기초자료!J89 -> 0.88614996 | M89: =기초자료!AX89/기초자료!K89 -> 0.88207042 | N89: =VLOOKUP(E89,'목표실차율, 안정적가동률'!$A$3:$C$9,3,FALSE) -> 0.51 | O89: =기초자료!CI89 -> 0.55411024 | P89: =기초자료!CJ89 -> 0.41115577 | Q89: =기초자료!CK89 -> 0.45651986 | R89: =VLOOKUP(E89,'목표실차율, 안정적가동률'!$F$3:$G$9,2,FALSE) -> 0.45 | S89: =기초자료!DV89 -> 0.44492009 | T89: =기초자료!DW89 -> 0.31305916 | U89: =기초자료!DX89 -> 0.3549029 | V89: =VLOOKUP(F89,'목표실차율, 안정적가동률'!$J$3:$L$6,3,FALSE) -> 0.88 | W89: =기초자료!FI89 -> 0.78834687 | X89: =기초자료!FJ89 -> 0.75774616 | Y89: =기초자료!FK89 -> 0.76745676 | Z89: =VLOOKUP(F89,'목표실차율, 안정적가동률'!$J$3:$L$6,3,FALSE) -> 0.88 | AA89: =기초자료!GP89 -> #DIV/0! | AB89: =기초자료!GQ89 -> #DIV/0! | AC89: =기초자료!GR89 -> 0 | AD89: =ROUND(J89*(Q89/N89)*(Y89/V89),0) -> 6746 | AE89: =ROUND(J89*(Q89/N89*0.8+U89/R89*0.2)*(Y89/V89),0) -> 6586 | AF89: =AE89 -> 6586 | AG89: =VLOOKUP(B89,'[1]Jan-Dec'!$B$2:$AY$61,50,0) -> #N/A | AH89: =ROUND(J89*(Q89/N89*0.8+U89/R89*0.2)*(AC89/Z89),0) -> 0 | AJ89: =J89-AD89 -> 1896 | AK89: =J89-AF89 -> 2056 | AM89: =ROUND(G89/J89,0) -> 167 | AO89: =IF(AM89>312,ROUND(AD89*0.1,0),0) -> 0 | AP89: =AD89+AO89 -> 6746 | AQ89: =J89-AP89 -> 1896 | AS89: =IF(AM89>312,ROUND(AF89*0.1,0),0) -> 0 | AT89: =AS89+AF89 -> 6586 | AU89: =J89-AT89 -> 2056 | AW89: =IF(AF89*1.15>J89,ROUND(AF89*0.15,0),0) -> 0 | AX89: =AF89+AW89 -> 6586 | AY89: =J89-AX89 -> 2056 | BA89: =IF(AF89*1.2>J89,ROUND(AF89*0.2,0),0) -> 0 | BB89: =AF89+BA89 -> 6586 | BC89: =J89-BB89 -> 2056
A90: 부산광역시 | B90: 부산광역시 | C90: 시 | D90: 100~500만 이하 | E90: 500만 이하 | F90: 10부 | G90: 3300836 | H90: 9729 | I90: 13820 | J90: 23549 | K90: =기초자료!AV90/기초자료!I90 -> 0.84612121 | L90: =기초자료!AW90/기초자료!J90 -> 0.86447934 | M90: =기초자료!AX90/기초자료!K90 -> 0.85903015 | N90: =VLOOKUP(E90,'목표실차율, 안정적가동률'!$A$3:$C$9,3,FALSE) -> 0.58 | O90: =기초자료!CI90 -> 0.52909119 | P90: =기초자료!CJ90 -> 0.49829656 | Q90: =기초자료!CK90 -> 0.50729988 | R90: =VLOOKUP(E90,'목표실차율, 안정적가동률'!$F$3:$G$9,2,FALSE) -> 0.45 | S90: =기초자료!DV90 -> 0.39290627 | T90: =기초자료!DW90 -> 0.38135394 | U90: =기초자료!DX90 -> 0.38473146 | V90: =VLOOKUP(F90,'목표실차율, 안정적가동률'!$J$3:$L$6,3,FALSE) -> 0.88 | W90: =기초자료!FI90 -> 0.80268403 | X90: =기초자료!FJ90 -> 0.74790811 | Y90: =기초자료!FK90 -> 0.76392276 | Z90: =VLOOKUP(F90,'목표실차율, 안정적가동률'!$J$3:$L$6,3,FALSE) -> 0.88 | AA90: =기초자료!GP90 -> #DIV/0! | AB90: =기초자료!GQ90 -> #DIV/0! | AC90: =기초자료!GR90 -> 0 | AD90: =ROUND(J90*(Q90/N90)*(Y90/V90),0) -> 17880 | AE90: =ROUND(J90*(Q90/N90*0.8+U90/R90*0.2)*(Y90/V90),0) -> 17800 | AF90: =AE90 -> 17800 | AG90: =VLOOKUP(B90,'[1]Jan-Dec'!$B$2:$AY$61,50,0) -> #N/A | AH90: =ROUND(J90*(Q90/N90*0.8+U90/R90*0.2)*(AC90/Z90),0) -> 0 | AJ90: =J90-AD90 -> 5669 | AK90: =J90-AF90 -> 5749 | AM90: =ROUND(G90/J90,0) -> 140 | AO90: =IF(AM90>312,ROUND(AD90*0.1,0),0) -> 0 | AP90: =AD90+AO90 -> 17880 | AQ90: =J90-AP90 -> 5669 | AS90: =IF(AM90>312,ROUND(AF90*0.1,0),0) -> 0 | AT90: =AS90+AF90 -> 17800 | AU90: =J90-AT90 -> 5749 | AW90: =IF(AF90*1.15>J90,ROUND(AF90*0.15,0),0) -> 0 | AX90: =AF90+AW90 -> 17800 | AY90: =J90-AX90 -> 5749 | BA90: =IF(AF90*1.2>J90,ROUND(AF90*0.2,0),0) -> 0 | BB90: =AF90+BA90 -> 17800 | BC90: =J90-BB90 -> 5749
A91: 서울특별시 | B91: 서울특별시 | C91: 시 | D91: 500만 이상 | E91: 500만 이상 | F91: 10부 | G91: 9407540 | H91: 22723 | I91: 49090 | J91: 71813 | K91: =기초자료!AV91/기초자료!I91 -> 0.81638357 | L91: =기초자료!AW91/기초자료!J91 -> 0.81261643 | M91: =기초자료!AX91/기초자료!K91 -> 0.81352191 | N91: =VLOOKUP(E91,'목표실차율, 안정적가동률'!$A$3:$C$9,3,FALSE) -> 0.6 | O91: =기초자료!CI91 -> 0.61508414 | P91: =기초자료!CJ91 -> 0.56502854 | Q91: =기초자료!CK91 -> 0.5771024 | R91: =VLOOKUP(E91,'목표실차율, 안정적가동률'!$F$3:$G$9,2,FALSE) -> 0.5 | S91: =기초자료!DV91 -> 0.49466439 | T91: =기초자료!DW91 -> 0.4761055 | U91: =기초자료!DX91 -> 0.48058207 | V91: =VLOOKUP(F91,'목표실차율, 안정적가동률'!$J$3:$L$6,3,FALSE) -> 0.88 | W91: =기초자료!FI91 -> 0.8361459 | X91: =기초자료!FJ91 -> 0.73280219 | Y91: =기초자료!FK91 -> 0.75772961 | Z91: =VLOOKUP(F91,'목표실차율, 안정적가동률'!$J$3:$L$6,3,FALSE) -> 0.88 | AA91: =기초자료!GP91 -> #DIV/0! | AB91: =기초자료!GQ91 -> #DIV/0! | AC91: =기초자료!GR91 -> 0 | AD91: =ROUND(J91*(Q91/N91)*(Y91/V91),0) -> 59475 | AE91: =ROUND(J91*(Q91/N91*0.8+U91/R91*0.2)*(Y91/V91),0) -> 59467 | AF91: =AE91 -> 59467 | AG91: =VLOOKUP(B91,'[1]Jan-Dec'!$B$2:$AY$61,50,0) -> #N/A | AH91: =ROUND(J91*(Q91/N91*0.8+U91/R91*0.2)*(AC91/Z91),0) -> 0 | AJ91: =J91-AD91 -> 12338 | AK91: =J91-AF91 -> 12346 | AM91: =ROUND(G91/J91,0) -> 131 | AO91: =IF(AM91>312,ROUND(AD91*0.1,0),0) -> 0 | AP91: =AD91+AO91 -> 59475 | AQ91: =J91-AP91 -> 12338 | AS91: =IF(AM91>312,ROUND(AF91*0.1,0),0) -> 0 | AT91: =AS91+AF91 -> 59467 | AU91: =J91-AT91 -> 12346 | AW91: =IF(AF91*1.15>J91,ROUND(AF91*0.15,0),0) -> 0 | AX91: =AF91+AW91 -> 59467 | AY91: =J91-AX91 -> 12346 | BA91: =IF(AF91*1.2>J91,ROUND(AF91*0.2,0),0) -> 0 | BB91: =AF91+BA91 -> 59467 | BC91: =J91-BB91 -> 12346
A92: 세종특별자치시 | B92: 세종특별자치시 | C92: 시 | D92: 20~50만 이하 | E92: 50만 이하 | F92: 10부 | G92: 385932 | H92: 170 | I92: 336 | J92: 506 | K92: =기초자료!AV92/기초자료!I92 -> 0.77504789 | L92: =기초자료!AW92/기초자료!J92 -> 0.77359029 | M92: =기초자료!AX92/기초자료!K92 -> 0.77407616 | N92: =VLOOKUP(E92,'목표실차율, 안정적가동률'!$A$3:$C$9,3,FALSE) -> 0.49 | O92: =기초자료!CI92 -> 0.48673376 | P92: =기초자료!CJ92 -> 0.45121291 | Q92: =기초자료!CK92 -> 0.46306806 | R92: =VLOOKUP(E92,'목표실차율, 안정적가동률'!$F$3:$G$9,2,FALSE) -> 0.34 | S92: =기초자료!DV92 -> 0.37197026 | T92: =기초자료!DW92 -> 0.31558513 | U92: =기초자료!DX92 -> 0.33440377 | V92: =VLOOKUP(F92,'목표실차율, 안정적가동률'!$J$3:$L$6,3,FALSE) -> 0.88 | W92: =기초자료!FI92 -> 0.87377587 | X92: =기초자료!FJ92 -> 0.82265917 | Y92: =기초자료!FK92 -> 0.83971946 | Z92: =VLOOKUP(F92,'목표실차율, 안정적가동률'!$J$3:$L$6,3,FALSE) -> 0.88 | AA92: =기초자료!GP92 -> #DIV/0! | AB92: =기초자료!GQ92 -> #DIV/0! | AC92: =기초자료!GR92 -> 0 | AD92: =ROUND(J92*(Q92/N92)*(Y92/V92),0) -> 456 | AE92: =ROUND(J92*(Q92/N92*0.8+U92/R92*0.2)*(Y92/V92),0) -> 460 | AF92: =AE92 -> 460 | AG92: =VLOOKUP(B92,'[1]Jan-Dec'!$B$2:$AY$61,50,0) -> #N/A | AH92: =ROUND(J92*(Q92/N92*0.8+U92/R92*0.2)*(AC92/Z92),0) -> 0 | AJ92: =J92-AD92 -> 50 | AK92: =J92-AF92 -> 46 | AM92: =ROUND(G92/J92,0) -> 763 | AO92: =IF(AM92>312,ROUND(AD92*0.1,0),0) -> 46 | AP92: =AD92+AO92 -> 502 | AQ92: =J92-AP92 -> 4 | AS92: =IF(AM92>312,ROUND(AF92*0.1,0),0) -> 46 | AT92: =AS92+AF92 -> 506 | AU92: =J92-AT92 -> 0 | AW92: =IF(AF92*1.15>J92,ROUND(AF92*0.15,0),0) -> 69 | AX92: =AF92+AW92 -> 529 | AY92: =J92-AX92 -> -23 | BA92: =IF(AF92*1.2>J92,ROUND(AF92*0.2,0),0) -> 92 | BB92: =AF92+BA92 -> 552 | BC92: =J92-BB92 -> -46
A93: 울산광역시 | B93: 울산광역시 | C93: 시 | D93: 100~500만 이하 | E93: 200만 이하 | F93: 10부 | G93: 1104167 | H93: 2068 | I93: 3610 | J93: 5678 | K93: =기초자료!AV93/기초자료!I93 -> 0.89584422 | L93: =기초자료!AW93/기초자료!J93 -> 0.85948165 | M93: =기초자료!AX93/기초자료!K93 -> 0.8714219 | N93: =VLOOKUP(E93,'목표실차율, 안정적가동률'!$A$3:$C$9,3,FALSE) -> 0.51 | O93: =기초자료!CI93 -> 0.52744097 | P93: =기초자료!CJ93 -> 0.47310068 | Q93: =기초자료!CK93 -> 0.49144429 | R93: =VLOOKUP(E93,'목표실차율, 안정적가동률'!$F$3:$G$9,2,FALSE) -> 0.45 | S93: =기초자료!DV93 -> 0.37954188 | T93: =기초자료!DW93 -> 0.3440457 | U93: =기초자료!DX93 -> 0.35602812 | V93: =VLOOKUP(F93,'목표실차율, 안정적가동률'!$J$3:$L$6,3,FALSE) -> 0.88 | W93: =기초자료!FI93 -> 0.81174284 | X93: =기초자료!FJ93 -> 0.76267471 | Y93: =기초자료!FK93 -> 0.7792386 | Z93: =VLOOKUP(F93,'목표실차율, 안정적가동률'!$J$3:$L$6,3,FALSE) -> 0.88 | AA93: =기초자료!GP93 -> #DIV/0! | AB93: =기초자료!GQ93 -> #DIV/0! | AC93: =기초자료!GR93 -> 0 | AD93: =ROUND(J93*(Q93/N93)*(Y93/V93),0) -> 4845 | AE93: =ROUND(J93*(Q93/N93*0.8+U93/R93*0.2)*(Y93/V93),0) -> 4672 | AF93: =AE93 -> 4672 | AG93: =VLOOKUP(B93,'[1]Jan-Dec'!$B$2:$AY$61,50,0) -> #N/A | AH93: =ROUND(J93*(Q93/N93*0.8+U93/R93*0.2)*(AC93/Z93),0) -> 0 | AJ93: =J93-AD93 -> 833 | AK93: =J93-AF93 -> 1006 | AM93: =ROUND(G93/J93,0) -> 194 | AO93: =IF(AM93>312,ROUND(AD93*0.1,0),0) -> 0 | AP93: =AD93+AO93 -> 4845 | AQ93: =J93-AP93 -> 833 | AS93: =IF(AM93>312,ROUND(AF93*0.1,0),0) -> 0 | AT93: =AS93+AF93 -> 4672 | AU93: =J93-AT93 -> 1006 | AW93: =IF(AF93*1.15>J93,ROUND(AF93*0.15,0),0) -> 0 | AX93: =AF93+AW93 -> 4672 | AY93: =J93-AX93 -> 1006 | BA93: =IF(AF93*1.2>J93,ROUND(AF93*0.2,0),0) -> 0 | BB93: =AF93+BA93 -> 4672 | BC93: =J93-BB93 -> 1006
A94: 인천광역시 | B94: 인천광역시 | C94: 시 | D94: 100~500만 이하 | E94: 500만 이하 | F94: 10부 | G94: 2987918 | H94: 5385 | I94: 8959 | J94: 14344 | K94: =기초자료!AV94/기초자료!I94 -> 0.91594435 | L94: =기초자료!AW94/기초자료!J94 -> 0.8689469 | M94: =기초자료!AX94/기초자료!K94 -> 0.88448609 | N94: =VLOOKUP(E94,'목표실차율, 안정적가동률'!$A$3:$C$9,3,FALSE) -> 0.58 | O94: =기초자료!CI94 -> 0.55223118 | P94: =기초자료!CJ94 -> 0.51901691 | Q94: =기초자료!CK94 -> 0.53038944 | R94: =VLOOKUP(E94,'목표실차율, 안정적가동률'!$F$3:$G$9,2,FALSE) -> 0.45 | S94: =기초자료!DV94 -> 0.39475805 | T94: =기초자료!DW94 -> 0.38700486 | U94: =기초자료!DX94 -> 0.38965954 | V94: =VLOOKUP(F94,'목표실차율, 안정적가동률'!$J$3:$L$6,3,FALSE) -> 0.88 | W94: =기초자료!FI94 -> 0.82290334 | X94: =기초자료!FJ94 -> 0.75873767 | Y94: =기초자료!FK94 -> 0.78070793 | Z94: =VLOOKUP(F94,'목표실차율, 안정적가동률'!$J$3:$L$6,3,FALSE) -> 0.88 | AA94: =기초자료!GP94 -> #DIV/0! | AB94: =기초자료!GQ94 -> #DIV/0! | AC94: =기초자료!GR94 -> 0 | AD94: =ROUND(J94*(Q94/N94)*(Y94/V94),0) -> 11637 | AE94: =ROUND(J94*(Q94/N94*0.8+U94/R94*0.2)*(Y94/V94),0) -> 11513 | AF94: =AE94 -> 11513 | AG94: =VLOOKUP(B94,'[1]Jan-Dec'!$B$2:$AY$61,50,0) -> #N/A | AH94: =ROUND(J94*(Q94/N94*0.8+U94/R94*0.2)*(AC94/Z94),0) -> 0 | AJ94: =J94-AD94 -> 2707 | AK94: =J94-AF94 -> 2831 | AM94: =ROUND(G94/J94,0) -> 208 | AO94: =IF(AM94>312,ROUND(AD94*0.1,0),0) -> 0 | AP94: =AD94+AO94 -> 11637 | AQ94: =J94-AP94 -> 2707 | AS94: =IF(AM94>312,ROUND(AF94*0.1,0),0) -> 0 | AT94: =AS94+AF94 -> 11513 | AU94: =J94-AT94 -> 2831 | AW94: =IF(AF94*1.15>J94,ROUND(AF94*0.15,0),0) -> 0 | AX94: =AF94+AW94 -> 11513 | AY94: =J94-AX94 -> 2831 | BA94: =IF(AF94*1.2>J94,ROUND(AF94*0.2,0),0) -> 0 | BB94: =AF94+BA94 -> 11513 | BC94: =J94-BB94 -> 2831
A95: 전라남도 강진군 | B95: 강진군 | C95: 군 | D95: 군지역 | E95: 군지역 | F95: 10부 | G95: 32844 | H95: 33 | I95: 53 | J95: 86 | K95: =기초자료!AV95/기초자료!I95 -> 0.84906324 | L95: =기초자료!AW95/기초자료!J95 -> 0.89236419 | M95: =기초자료!AX95/기초자료!K95 -> 0.87666759 | N95: =VLOOKUP(E95,'목표실차율, 안정적가동률'!$A$3:$C$9,3,FALSE) -> 0.46 | O95: =기초자료!CI95 -> 0.29813357 | P95: =기초자료!CJ95 -> 0.24021533 | Q95: =기초자료!CK95 -> 0.26054959 | R95: =VLOOKUP(E95,'목표실차율, 안정적가동률'!$F$3:$G$9,2,FALSE) -> 0.25 | S95: =기초자료!DV95 -> 0.19908838 | T95: =기초자료!DW95 -> 0.1842695 | U95: =기초자료!DX95 -> 0.1894722 | V95: =VLOOKUP(F95,'목표실차율, 안정적가동률'!$J$3:$L$6,3,FALSE) -> 0.88 | W95: =기초자료!FI95 -> 0.61402615 | X95: =기초자료!FJ95 -> 0.65039657 | Y95: =기초자료!FK95 -> 0.63762743 | Z95: =VLOOKUP(F95,'목표실차율, 안정적가동률'!$J$3:$L$6,3,FALSE) -> 0.88 | AA95: =기초자료!GP95 -> #DIV/0! | AB95: =기초자료!GQ95 -> #DIV/0! | AC95: =기초자료!GR95 -> 0 | AD95: =ROUND(J95*(Q95/N95)*(Y95/V95),0) -> 35 | AE95: =ROUND(J95*(Q95/N95*0.8+U95/R95*0.2)*(Y95/V95),0) -> 38 | AF95: =AE95 -> 38 | AG95: =VLOOKUP(B95,'[1]Jan-Dec'!$B$2:$AY$61,50,0) -> #N/A | AH95: =ROUND(J95*(Q95/N95*0.8+U95/R95*0.2)*(AC95/Z95),0) -> 0 | AJ95: =J95-AD95 -> 51 | AK95: =J95-AF95 -> 48 | AM95: =ROUND(G95/J95,0) -> 382 | AO95: =IF(AM95>312,ROUND(AD95*0.1,0),0) -> 4 | AP95: =AD95+AO95 -> 39 | AQ95: =J95-AP95 -> 47 | AS95: =IF(AM95>312,ROUND(AF95*0.1,0),0) -> 4 | AT95: =AS95+AF95 -> 42 | AU95: =J95-AT95 -> 44 | AW95: =IF(AF95*1.15>J95,ROUND(AF95*0.15,0),0) -> 0 | AX95: =AF95+AW95 -> 38 | AY95: =J95-AX95 -> 48 | BA95: =IF(AF95*1.2>J95,ROUND(AF95*0.2,0),0) -> 0 | BB95: =AF95+BA95 -> 38 | BC95: =J95-BB95 -> 48
A96: 전라남도 고흥군 | B96: 고흥군 | C96: 군 | D96: 군지역 | E96: 군지역 | F96: 10부 | G96: 61328 | H96: 99 | I96: 68 | J96: 167 | K96: =기초자료!AV96/기초자료!I96 -> 0.1963967 | L96: =기초자료!AW96/기초자료!J96 -> 0.027551757 | M96: =기초자료!AX96/기초자료!K96 -> 0.12047314 | N96: =VLOOKUP(E96,'목표실차율, 안정적가동률'!$A$3:$C$9,3,FALSE) -> 0.46 | O96: =기초자료!CI96 -> 0.22321538 | P96: =기초자료!CJ96 -> 0.28054008 | Q96: =기초자료!CK96 -> 0.22911046 | R96: =VLOOKUP(E96,'목표실차율, 안정적가동률'!$F$3:$G$9,2,FALSE) -> 0.25 | S96: =기초자료!DV96 -> 0.17643485 | T96: =기초자료!DW96 -> 0.19744858 | U96: =기초자료!DX96 -> 0.17859583 | V96: =VLOOKUP(F96,'목표실차율, 안정적가동률'!$J$3:$L$6,3,FALSE) -> 0.88 | W96: =기초자료!FI96 -> 0.51844359 | X96: =기초자료!FJ96 -> 0.63835646 | Y96: =기초자료!FK96 -> 0.53077502 | Z96: =VLOOKUP(F96,'목표실차율, 안정적가동률'!$J$3:$L$6,3,FALSE) -> 0.88 | AA96: =기초자료!GP96 -> #DIV/0! | AB96: =기초자료!GQ96 -> #DIV/0! | AC96: =기초자료!GR96 -> 0 | AD96: =ROUND(J96*(Q96/N96)*(Y96/V96),0) -> 50 | AE96: =ROUND(J96*(Q96/N96*0.8+U96/R96*0.2)*(Y96/V96),0) -> 55 | AF96: =AD96 -> 50 | AG96: =VLOOKUP(B96,'[1]Jan-Dec'!$B$2:$AY$61,50,0) -> #N/A | AH96: =ROUND(J96*(Q96/N96*0.8+U96/R96*0.2)*(AC96/Z96),0) -> 0 | AJ96: =J96-AD96 -> 117 | AK96: =J96-AF96 -> 117 | AM96: =ROUND(G96/J96,0) -> 367 | AO96: =IF(AM96>312,ROUND(AD96*0.1,0),0) -> 5 | AP96: =AD96+AO96 -> 55 | AQ96: =J96-AP96 -> 112 | AS96: =IF(AM96>312,ROUND(AF96*0.1,0),0) -> 5 | AT96: =AS96+AF96 -> 55 | AU96: =J96-AT96 -> 112 | AW96: =IF(AF96*1.15>J96,ROUND(AF96*0.15,0),0) -> 0 | AX96: =AF96+AW96 -> 50 | AY96: =J96-AX96 -> 117 | BA96: =IF(AF96*1.2>J96,ROUND(AF96*0.2,0),0) -> 0 | BB96: =AF96+BA96 -> 50 | BC96: =J96-BB96 -> 117
A97: 전라남도 곡성군 | B97: 곡성군 | C97: 군 | D97: 군지역 | E97: 군지역 | F97: 10부 | G97: 26957 | H97: 18 | I97: 35 | J97: 53 | K97: =기초자료!AV97/기초자료!I97 -> 0.90078568 | L97: =기초자료!AW97/기초자료!J97 -> 0.91340961 | M97: =기초자료!AX97/기초자료!K97 -> 0.90912224 | N97: =VLOOKUP(E97,'목표실차율, 안정적가동률'!$A$3:$C$9,3,FALSE) -> 0.46 | O97: =기초자료!CI97 -> 0.174561 | P97: =기초자료!CJ97 -> 0.22907622 | Q97: =기초자료!CK97 -> 0.2107314 | R97: =VLOOKUP(E97,'목표실차율, 안정적가동률'!$F$3:$G$9,2,FALSE) -> 0.25 | S97: =기초자료!DV97 -> 0.1059926 | T97: =기초자료!DW97 -> 0.15047447 | U97: =기초자료!DX97 -> 0.13550595 | V97: =VLOOKUP(F97,'목표실차율, 안정적가동률'!$J$3:$L$6,3,FALSE) -> 0.88 | W97: =기초자료!FI97 -> 0.69466485 | X97: =기초자료!FJ97 -> 0.62043132 | Y97: =기초자료!FK97 -> 0.64541152 | Z97: =VLOOKUP(F97,'목표실차율, 안정적가동률'!$J$3:$L$6,3,FALSE) -> 0.88 | AA97: =기초자료!GP97 -> #DIV/0! | AB97: =기초자료!GQ97 -> #DIV/0! | AC97: =기초자료!GR97 -> 0 | AD97: =ROUND(J97*(Q97/N97)*(Y97/V97),0) -> 18 | AE97: =ROUND(J97*(Q97/N97*0.8+U97/R97*0.2)*(Y97/V97),0) -> 18 | AF97: =AD97 -> 18 | AG97: =VLOOKUP(B97,'[1]Jan-Dec'!$B$2:$AY$61,50,0) -> #N/A | AH97: =ROUND(J97*(Q97/N97*0.8+U97/R97*0.2)*(AC97/Z97),0) -> 0 | AJ97: =J97-AD97 -> 35 | AK97: =J97-AF97 -> 35 | AM97: =ROUND(G97/J97,0) -> 509 | AO97: =IF(AM97>312,ROUND(AD97*0.1,0),0) -> 2 | AP97: =AD97+AO97 -> 20 | AQ97: =J97-AP97 -> 33 | AS97: =IF(AM97>312,ROUND(AF97*0.1,0),0) -> 2 | AT97: =AS97+AF97 -> 20 | AU97: =J97-AT97 -> 33 | AW97: =IF(AF97*1.15>J97,ROUND(AF97*0.15,0),0) -> 0 | AX97: =AF97+AW97 -> 18 | AY97: =J97-AX97 -> 35 | BA97: =IF(AF97*1.2>J97,ROUND(AF97*0.2,0),0) -> 0 | BB97: =AF97+BA97 -> 18 | BC97: =J97-BB97 -> 35
A98: 전라남도 광양시 | B98: 광양시 | C98: 시 | D98: 20만 이하 | E98: 20만 이하 | F98: 10부 | G98: 152160 | H98: 181 | I98: 228 | J98: 409 | K98: =기초자료!AV98/기초자료!I98 -> 0.82181602 | L98: =기초자료!AW98/기초자료!J98 -> 0.70347652 | M98: =기초자료!AX98/기초자료!K98 -> 0.74861965 | N98: =VLOOKUP(E98,'목표실차율, 안정적가동률'!$A$3:$C$9,3,FALSE) -> 0.48 | O98: =기초자료!CI98 -> 0.50485178 | P98: =기초자료!CJ98 -> 0.49168914 | Q98: =기초자료!CK98 -> 0.49720126 | R98: =VLOOKUP(E98,'목표실차율, 안정적가동률'!$F$3:$G$9,2,FALSE) -> 0.25 | S98: =기초자료!DV98 -> 0.29690698 | T98: =기초자료!DW98 -> 0.28811066 | U98: =기초자료!DX98 -> 0.2917943 | V98: =VLOOKUP(F98,'목표실차율, 안정적가동률'!$J$3:$L$6,3,FALSE) -> 0.88 | W98: =기초자료!FI98 -> 0.84445542 | X98: =기초자료!FJ98 -> 0.82649442 | Y98: =기초자료!FK98 -> 0.83401594 | Z98: =VLOOKUP(F98,'목표실차율, 안정적가동률'!$J$3:$L$6,3,FALSE) -> 0.88 | AA98: =기초자료!GP98 -> #DIV/0! | AB98: =기초자료!GQ98 -> #DIV/0! | AC98: =기초자료!GR98 -> 0 | AD98: =ROUND(J98*(Q98/N98)*(Y98/V98),0) -> 402 | AE98: =ROUND(J98*(Q98/N98*0.8+U98/R98*0.2)*(Y98/V98),0) -> 412 | AF98: =AG98 -> 425.55809 | AG98: =VLOOKUP(B98,'[1]Jan-Dec'!$B$2:$AY$61,50,0) -> 425.55809 | AH98: =ROUND(J98*(Q98/N98*0.8+U98/R98*0.2)*(AC98/Z98),0) -> 0 | AJ98: =J98-AD98 -> 7 | AK98: =J98-AF98 -> -16.558093 | AM98: =ROUND(G98/J98,0) -> 372 | AO98: =IF(AM98>312,ROUND(AD98*0.1,0),0) -> 40 | AP98: =AD98+AO98 -> 442 | AQ98: =J98-AP98 -> -33 | AS98: =IF(AM98>312,ROUND(AF98*0.1,0),0) -> 43 | AT98: =AS98+AF98 -> 468.55809 | AU98: =J98-AT98 -> -59.558093 | AW98: =IF(AF98*1.15>J98,ROUND(AF98*0.15,0),0) -> 64 | AX98: =AF98+AW98 -> 489.55809 | AY98: =J98-AX98 -> -80.558093 | BA98: =IF(AF98*1.2>J98,ROUND(AF98*0.2,0),0) -> 85 | BB98: =AF98+BA98 -> 510.55809 | BC98: =J98-BB98 -> -101.55809
A99: 전라남도 구례군 | B99: 구례군 | C99: 군 | D99: 군지역 | E99: 군지역 | F99: 10부 | G99: 24385 | H99: 41 | I99: 42 | J99: 83 | K99: =기초자료!AV99/기초자료!I99 -> 0.44531292 | L99: =기초자료!AW99/기초자료!J99 -> 0.31120925 | M99: =기초자료!AX99/기초자료!K99 -> 0.37745323 | N99: =VLOOKUP(E99,'목표실차율, 안정적가동률'!$A$3:$C$9,3,FALSE) -> 0.46 | O99: =기초자료!CI99 -> 0.23062821 | P99: =기초자료!CJ99 -> 0.22093042 | Q99: =기초자료!CK99 -> 0.22658214 | R99: =VLOOKUP(E99,'목표실차율, 안정적가동률'!$F$3:$G$9,2,FALSE) -> 0.25 | S99: =기초자료!DV99 -> 0.11648778 | T99: =기초자료!DW99 -> 0.18318342 | U99: =기초자료!DX99 -> 0.14431424 | V99: =VLOOKUP(F99,'목표실차율, 안정적가동률'!$J$3:$L$6,3,FALSE) -> 0.88 | W99: =기초자료!FI99 -> 0.77451369 | X99: =기초자료!FJ99 -> 0.63835594 | Y99: =기초자료!FK99 -> 0.71770655 | Z99: =VLOOKUP(F99,'목표실차율, 안정적가동률'!$J$3:$L$6,3,FALSE) -> 0.88 | AA99: =기초자료!GP99 -> #DIV/0! | AB99: =기초자료!GQ99 -> #DIV/0! | AC99: =기초자료!GR99 -> 0 | AD99: =ROUND(J99*(Q99/N99)*(Y99/V99),0) -> 33 | AE99: =ROUND(J99*(Q99/N99*0.8+U99/R99*0.2)*(Y99/V99),0) -> 34 | AF99: =AD99 -> 33 | AG99: =VLOOKUP(B99,'[1]Jan-Dec'!$B$2:$AY$61,50,0) -> #N/A | AH99: =ROUND(J99*(Q99/N99*0.8+U99/R99*0.2)*(AC99/Z99),0) -> 0 | AJ99: =J99-AD99 -> 50 | AK99: =J99-AF99 -> 50 | AM99: =ROUND(G99/J99,0) -> 294 | AO99: =IF(AM99>312,ROUND(AD99*0.1,0),0) -> 0 | AP99: =AD99+AO99 -> 33 | AQ99: =J99-AP99 -> 50 | AS99: =IF(AM99>312,ROUND(AF99*0.1,0),0) -> 0 | AT99: =AS99+AF99 -> 33 | AU99: =J99-AT99 -> 50 | AW99: =IF(AF99*1.15>J99,ROUND(AF99*0.15,0),0) -> 0 | AX99: =AF99+AW99 -> 33 | AY99: =J99-AX99 -> 50 | BA99: =IF(AF99*1.2>J99,ROUND(AF99*0.2,0),0) -> 0 | BB99: =AF99+BA99 -> 33 | BC99: =J99-BB99 -> 50
A100: 전라남도 나주시 | B100: 나주시 | C100: 시 | D100: 20만 이하 | E100: 20만 이하 | F100: 10부 | G100: 117133 | H100: 114 | I100: 155 | J100: 269 | K100: =기초자료!AV100/기초자료!I100 -> 0.70012033 | L100: =기초자료!AW100/기초자료!J100 -> 0.74719997 | M100: =기초자료!AX100/기초자료!K100 -> 0.72789912 | N100: =VLOOKUP(E100,'목표실차율, 안정적가동률'!$A$3:$C$9,3,FALSE) -> 0.48 | O100: =기초자료!CI100 -> 0.39765288 | P100: =기초자료!CJ100 -> 0.39037629 | Q100: =기초자료!CK100 -> 0.39324557 | R100: =VLOOKUP(E100,'목표실차율, 안정적가동률'!$F$3:$G$9,2,FALSE) -> 0.25 | S100: =기초자료!DV100 -> 0.27353019 | T100: =기초자료!DW100 -> 0.31153099 | U100: =기초자료!DX100 -> 0.29654665 | V100: =VLOOKUP(F100,'목표실차율, 안정적가동률'!$J$3:$L$6,3,FALSE) -> 0.88 | W100: =기초자료!FI100 -> 0.68563851 | X100: =기초자료!FJ100 -> 0.61964978 | Y100: =기초자료!FK100 -> 0.64567022 | Z100: =VLOOKUP(F100,'목표실차율, 안정적가동률'!$J$3:$L$6,3,FALSE) -> 0.88 | AA100: =기초자료!GP100 -> #DIV/0! | AB100: =기초자료!GQ100 -> #DIV/0! | AC100: =기초자료!GR100 -> 0 | AD100: =ROUND(J100*(Q100/N100)*(Y100/V100),0) -> 162 | AE100: =ROUND(J100*(Q100/N100*0.8+U100/R100*0.2)*(Y100/V100),0) -> 176 | AF100: =AG100 -> 181.82146 | AG100: =VLOOKUP(B100,'[1]Jan-Dec'!$B$2:$AY$61,50,0) -> 181.82146 | AH100: =ROUND(J100*(Q100/N100*0.8+U100/R100*0.2)*(AC100/Z100),0) -> 0 | AJ100: =J100-AD100 -> 107 | AK100: =J100-AF100 -> 87.178535 | AM100: =ROUND(G100/J100,0) -> 435 | AO100: =IF(AM100>312,ROUND(AD100*0.1,0),0) -> 16 | AP100: =AD100+AO100 -> 178 | AQ100: =J100-AP100 -> 91 | AS100: =IF(AM100>312,ROUND(AF100*0.1,0),0) -> 18 | AT100: =AS100+AF100 -> 199.82146 | AU100: =J100-AT100 -> 69.178535 | AW100: =IF(AF100*1.15>J100,ROUND(AF100*0.15,0),0) -> 0 | AX100: =AF100+AW100 -> 181.82146 | AY100: =J100-AX100 -> 87.178535 | BA100: =IF(AF100*1.2>J100,ROUND(AF100*0.2,0),0) -> 0 | BB100: =AF100+BA100 -> 181.82146 | BC100: =J100-BB100 -> 87.178535
...

Sheet 기초자료
A1: 사업구역 | B1: 시군 | C1: 시군 | D1: 인구규모 | E1: 인구수 | F1: 총면허대수(23.12) | I1: 등록대수 | L1: 수집대수 | AY1: 거리실차율 | CL1: 시간실차율 | DY1: 가동률(8h, 1대) | FL1: 가동률(10h, 1대)
L2: 1월 | O2: 2월 | R2: 3월 | U2: 4월 | X2: 5월 | AA2: 6월 | AD2: 7월 | AG2: 8월 | AJ2: 9월 | AM2: 10월 | AP2: 11월 | AS2: 12월 | AV2: 평균 | AY2: 1월 | BB2: 2월 | BE2: 3월 | BH2: 4월 | BK2: 5월 | BN2: 6월 | BQ2: 7월 | BT2: 8월 | BW2: 9월 | BZ2: 10월 | CC2: 11월 | CF2: 12월 | CI2: 평균 | CL2: 1월 | CO2: 2월 | CR2: 3월 | CU2: 4월 | CX2: 5월 | DA2: 6월 | DD2: 7월 | DG2: 8월 | DJ2: 9월 | DM2: 10월 | DP2: 11월 | DS2: 12월 | DV2: 평균 | DY2: 1월 | EB2: 2월 | EE2: 3월 | EH2: 4월 | EK2: 5월 | EN2: 6월 | EQ2: 7월 | ET2: 8월 | EW2: 9월 | EZ2: 10월 | FC2: 11월 | FF2: 12월 | FI2: 평균 | FL2: 1월 | FO2: 2월 | FR2: 3월 | FU2: 4월 | FX2: 5월 | GA2: 6월 | GD2: 7월 | GG2: 8월 | GJ2: 9월 | GM2: 10월 | GP2: 평균
F3: 법인 | G3: 개인 | H3: 합계 | I3: 법인 | J3: 개인 | K3: 합계 | L3: 법인 | M3: 개인 | N3: 합계 | O3: 법인 | P3: 개인 | Q3: 합계 | R3: 법인 | S3: 개인 | T3: 합계 | U3: 법인 | V3: 개인 | W3: 합계 | X3: 법인 | Y3: 개인 | Z3: 합계 | AA3: 법인 | AB3: 개인 | AC3: 합계 | AD3: 법인 | AE3: 개인 | AF3: 합계 | AG3: 법인 | AH3: 개인 | AI3: 합계 | AJ3: 법인 | AK3: 개인 | AL3: 합계 | AM3: 법인 | AN3: 개인 | AO3: 합계 | AP3: 법인 | AQ3: 개인 | AR3: 합계 | AS3: 법인 | AT3: 개인 | AU3: 합계 | AV3: 법인 | AW3: 개인 | AX3: 합계 | AY3: 법인 | AZ3: 개인 | BA3: 합계 | BB3: 법인 | BC3: 개인 | BD3: 합계 | BE3: 법인 | BF3: 개인 | BG3: 합계 | BH3: 법인 | BI3: 개인 | BJ3: 합계 | BK3: 법인 | BL3: 개인 | BM3: 합계 | BN3: 법인 | BO3: 개인 | BP3: 합계 | BQ3: 법인 | BR3: 개인 | BS3: 합계 | BT3: 법인 | BU3: 개인 | BV3: 합계 | BW3: 법인 | BX3: 개인 | BY3: 합계 | BZ3: 법인 | CA3: 개인 | CB3: 합계 | CC3: 법인 | CD3: 개인 | CE3: 합계 | CF3: 법인 | CG3: 개인 | CH3: 합계 | CI3: 법인 | CJ3: 개인 | CK3: 합계 | CL3: 법인 | CM3: 개인 | CN3: 합계 | CO3: 법인 | CP3: 개인 | CQ3: 합계 | CR3: 법인 | CS3: 개인 | CT3: 합계 | CU3: 법인 | CV3: 개인 | CW3: 합계 | CX3: 법인 | CY3: 개인 | CZ3: 합계 | DA3: 법인 | DB3: 개인 | DC3: 합계 | DD3: 법인 | DE3: 개인 | DF3: 합계 | DG3: 법인 | DH3: 개인 | DI3: 합계 | DJ3: 법인 | DK3: 개인 | DL3: 합계 | DM3: 법인 | DN3: 개인 | DO3: 합계 | DP3: 법인 | DQ3: 개인 | DR3: 합계 | DS3: 법인 | DT3: 개인 | DU3: 합계 | DV3: 법인 | DW3: 개인 | DX3: 합계 | DY3: 법인 | DZ3: 개인 | EA3: 합계 | EB3: 법인 | EC3: 개인 | ED3: 합계 | EE3: 법인 | EF3: 개인 | EG3: 합계 | EH3: 법인 | EI3: 개인 | EJ3: 합계 | EK3: 법인 | EL3: 개인 | EM3: 합계 | EN3: 법인 | EO3: 개인 | EP3: 합계 | EQ3: 법인 | ER3: 개인 | ES3: 합계 | ET3: 법인 | EU3: 개인 | EV3: 합계 | EW3: 법인 | EX3: 개인 | EY3: 합계 | EZ3: 법인 | FA3: 개인 | FB3: 합계 | FC3: 법인 | FD3: 개인 | FE3: 합계 | FF3: 법인 | FG3: 개인 | FH3: 합계 | FI3: 법인 | FJ3: 개인 | FK3: 합계 | FL3: 법인 | FM3: 개인 | FN3: 합계 | FO3: 법인 | FP3: 개인 | FQ3: 합계 | FR3: 법인 | FS3: 개인 | FT3: 합계 | FU3: 법인 | FV3: 개인 | FW3: 합계 | FX3: 법인 | FY3: 개인 | FZ3: 합계 | GA3: 법인 | GB3: 개인 | GC3: 합계 | GD3: 법인 | GE3: 개인 | GF3: 합계 | GG3: 법인 | GH3: 개인 | GI3: 합계 | GJ3: 법인 | GK3: 개인 | GL3: 합계 | GM3: 법인 | GN3: 개인 | GO3: 합계 | GP3: 법인 | GQ3: 개인 | GR3: 합계
A4: 강원특별자치도 강릉시 | B4: 강릉시 | C4: 시 | D4: 20~50만 이하 | E4: 210080 | F4: 428 | G4: 770 | H4: 1198 | I4: 428 | J4: 770 | K4: 1198 | L4: =VLOOKUP(B4,'[2]1월'!$D$6:$AU$179,13,0) -> 277.29032 | M4: =VLOOKUP(B4,'[2]1월'!$D$6:$AU$179,28,0) -> 694.22581 | N4: =L4+M4 -> 971.51613 | O4: =VLOOKUP(B4,'[2]2월'!$D$6:$AU$179,13,0) -> 281.89655 | P4: =VLOOKUP(B4,'[2]2월'!$D$6:$AU$179,28,0) -> 670.24138 | Q4: =O4+P4 -> 952.13793 | R4: =VLOOKUP(B4,'[2]3월'!$D$6:$AU$179,13,0) -> 326 | S4: =VLOOKUP(B4,'[2]3월'!$D$6:$AU$179,28,0) -> 693.19355 | T4: =R4+S4 -> 1019.1935 | U4: =VLOOKUP(B4,'[2]4월'!$D$6:$AU$179,13,0) -> 324.46667 | V4: =VLOOKUP(B4,'[2]4월'!$D$6:$AU$179,28,0) -> 692.63333 | W4: =U4+V4 -> 1017.1 | X4: =VLOOKUP(B4,'[2]5월'!$D$6:$AU$179,13,0) -> 307.6129 | Y4: =VLOOKUP(B4,'[2]5월'!$D$6:$AU$179,28,0) -> 695.19355 | Z4: =X4+Y4 -> 1002.8065 | AA4: =VLOOKUP(B4,'[2]6월'!$D$6:$AU$179,13,0) -> 309.03333 | AB4: =VLOOKUP(B4,'[2]6월'!$D$6:$AU$179,28,0) -> 690.8 | AC4: =AA4+AB4 -> 999.83333 | AD4: =VLOOKUP(B4,'[2]7월'!$D$6:$AU$179,13,0) -> 316.12903 | AE4: =VLOOKUP(B4,'[2]7월'!$D$6:$AU$179,28,0) -> 703.80645 | AF4: =AD4+AE4 -> 1019.9355 | AG4: =VLOOKUP(B4,'[2]8월'!$D$6:$AU$179,13,0) -> 347.64516 | AH4: =VLOOKUP(B4,'[2]8월'!$D$6:$AU$179,28,0) -> 710.64516 | AI4: =AG4+AH4 -> 1058.2903 | AJ4: =VLOOKUP(B4,'[2]9월'!$D$6:$AU$179,13,0) -> 343.76667 | AK4: =VLOOKUP(B4,'[2]9월'!$D$6:$AU$179,28,0) -> 696.93333 | AL4: =AJ4+AK4 -> 1040.7 | AM4: =VLOOKUP(B4,'[2]10월'!$D$6:$AU$179,13,0) -> 347.35484 | AN4: =VLOOKUP(B4,'[2]10월'!$D$6:$AU$179,28,0) -> 701.45161 | AO4: =AM4+AN4 -> 1048.8065 | AP4: =VLOOKUP(B4,'[3]11월'!$D$6:$P$179,13,0) -> 351.16667 | AQ4: =VLOOKUP(B4,'[3]11월'!$D$6:$AE$179,28,0) -> 704.36667 | AR4: =AP4+AQ4 -> 1055.5333 | AS4: =VLOOKUP(B4,'[3]12월'!$D$6:$P$179,13,0) -> 350.32258 | AT4: =VLOOKUP(B4,'[3]12월'!$D$6:$AE$179,28,0) -> 705.06452 | AU4: =AS4+AT4 -> 1055.3871 | AV4: =AVERAGEA(L4,O4,R4,U4,X4,AA4,AD4,AG4,AJ4,AM4,AP4,AS4) -> 323.55706 | AW4: =AVERAGEA(M4,P4,S4,V4,Y4,AB4,AE4,AH4,AK4,AN4,AQ4,AT4) -> 696.54628 | AX4: =AVERAGEA(N4,Q4,T4,W4,Z4,AC4,AF4,AI4,AL4,AO4,AR4,AU4) -> 1020.1033 | AY4: 0.50420851 | AZ4: 0.45540259 | BA4: =AY4*($AV4/$AX4)+AZ4*($AW4/$AX4) -> 0.47088288 | BB4: 0.54946336 | BC4: 0.49614482 | BD4: =BB4*($AV4/$AX4)+BC4*($AW4/$AX4) -> 0.51305643 | BE4: 0.51605462 | BF4: 0.46845219 | BG4: =BE4*($AV4/$AX4)+BF4*($AW4/$AX4) -> 0.48355076 | BH4: 0.52638219 | BI4: 0.47894536 | BJ4: =BH4*($AV4/$AX4)+BI4*($AW4/$AX4) -> 0.4939914 | BK4: 0.53425062 | BL4: 0.4951148 | BM4: =BK4*($AV4/$AX4)+BL4*($AW4/$AX4) -> 0.50752792 | BN4: 0.53709286 | BO4: 0.51258448 | BP4: =BN4*($AV4/$AX4)+BO4*($AW4/$AX4) -> 0.52035806 | BQ4: 0.52932457 | BR4: 0.4982855 | BS4: =BQ4*($AV4/$AX4)+BR4*($AW4/$AX4) -> 0.5081305 | BT4: 0.5458538 | BU4: 0.51022461 | BV4: =BT4*($AV4/$AX4)+BU4*($AW4/$AX4) -> 0.5215255 | BW4: 0.51318125 | BX4: 0.47905158 | BY4: =BW4*($AV4/$AX4)+BX4*($AW4/$AX4) -> 0.48987686 | BZ4: 0.49797299 | CA4: 0.4747775 | CB4: =BZ4*($AV4/$AX4)+CA4*($AW4/$AX4) -> 0.48213466 | CC4: 0.48758519 | CD4: 0.46792118 | CE4: =CC4*($AV4/$AX4)+CD4*($AW4/$AX4) -> 0.47415823 | CF4: 0.49664673 | CG4: 0.47891008 | CH4: =CF4*($AV4/$AX4)+CG4*($AW4/$AX4) -> 0.4845358 | CI4: =AVERAGEA(AY4,BB4,BE4,BH4,BK4,BN4,BQ4,BT4,BW4,BZ4,CC4,CF4) -> 0.51983472 | CJ4: =AVERAGEA(AZ4,BC4,BF4,BI4,BL4,BO4,BR4,BU4,BX4,CA4,CD4,CG4) -> 0.48465122 | CK4: =AVERAGEA(BA4,BD4,BG4,BJ4,BM4,BP4,BS4,BV4,BY4,CB4,CE4,CH4) -> 0.49581075 | CL4: 0.3501745 | CM4: 0.32924452 | CN4: =CL4*($AV4/$AX4)+CM4*($AW4/$AX4) -> 0.3358831 | CO4: 0.40071616 | CP4: 0.37676091 | CQ4: =CO4*($AV4/$AX4)+CP4*($AW4/$AX4) -> 0.38435905 | CR4: 0.35326673 | CS4: 0.34097179 | CT4: =CR4*($AV4/$AX4)+CS4*($AW4/$AX4) -> 0.34487151 | CU4: 0.36753321 | CV4: 0.35792833 | CW4: =CU4*($AV4/$AX4)+CV4*($AW4/$AX4) -> 0.36097481 | CX4: 0.38320543 | CY4: 0.38184962 | CZ4: =CX4*($AV4/$AX4)+CY4*($AW4/$AX4) -> 0.38227966 | DA4: 0.38492998 | DB4: 0.38850894 | DC4: =DA4*($AV4/$AX4)+DB4*($AW4/$AX4) -> 0.38737376 | DD4: 0.36781765 | DE4: 0.36181803 | DF4: =DD4*($AV4/$AX4)+DE4*($AW4/$AX4) -> 0.36372099 | DG4: 0.38547209 | DH4: 0.37623279 | DI4: =DG4*($AV4/$AX4)+DH4*($AW4/$AX4) -> 0.37916332 | DJ4: 0.36224687 | DK4: 0.35628383 | DL4: =DJ4*($AV4/$AX4)+DK4*($AW4/$AX4) -> 0.35817519 | DM4: 0.34614541 | DN4: 0.34999424 | DO4: =DM4*($AV4/$AX4)+DN4*($AW4/$AX4) -> 0.34877346 | DP4: 0.33147126 | DQ4: 0.33500057 | DR4: =DP4*($AV4/$AX4)+DQ4*($AW4/$AX4) -> 0.33388114 | DS4: 0.34017903 | DT4: 0.34093165 | DU4: =DS4*($AV4/$AX4)+DT4*($AW4/$AX4) -> 0.34069294 | DV4: =AVERAGEA(CL4,CO4,CR4,CU4,CX4,DA4,DD4,DG4,DJ4,DM4,DP4,DS4) -> 0.36442986 | DW4: =AVERAGEA(CM4,CP4,CS4,CV4,CY4,DB4,DE4,DH4,DK4,DN4,DQ4,DT4) -> 0.35796043 | DX4: =AVERAGEA(CN4,CQ4,CT4,CW4,CZ4,DC4,DF4,DI4,DL4,DO4,DR4,DU4) -> 0.36001241 | DY4: 0.79682852 | DZ4: 0.75740375 | EA4: =DY4*($AV4/$AX4)+DZ4*($AW4/$AX4) -> 0.76990852 | EB4: 0.78059853 | EC4: 0.73660328 | ED4: =EB4*($AV4/$AX4)+EC4*($AW4/$AX4) -> 0.75055773 | EE4: 0.80491124 | EF4: 0.74889018 | EG4: =EE4*($AV4/$AX4)+EF4*($AW4/$AX4) -> 0.76665898 | EH4: 0.80877573 | EI4: 0.74550402 | EJ4: =EH4*($AV4/$AX4)+EI4*($AW4/$AX4) -> 0.76557258 | EK4: 0.80373773 | EL4: 0.73186952 | EM4: =EK4*($AV4/$AX4)+EL4*($AW4/$AX4) -> 0.75466473 | EN4: 0.82420882 | EO4: 0.7574628 | EP4: =EN4*($AV4/$AX4)+EO4*($AW4/$AX4) -> 0.77863335 | EQ4: 0.82299357 | ER4: 0.764066 | ES4: =EQ4*($AV4/$AX4)+ER4*($AW4/$AX4) -> 0.78275669 | ET4: 0.83345551 | EU4: 0.78848261 | EV4: =ET4*($AV4/$AX4)+EU4*($AW4/$AX4) -> 0.80274715 | EW4: 0.79257045 | EX4: 0.73796226 | EY4: =EW4*($AV4/$AX4)+EX4*($AW4/$AX4) -> 0.75528292 | EZ4: 0.79398254 | FA4: 0.74344093 | FB4: =EZ4*($AV4/$AX4)+FA4*($AW4/$AX4) -> 0.75947175 | FC4: 0.80639715 | FD4: 0.75203067 | FE4: =FC4*($AV4/$AX4)+FD4*($AW4/$AX4) -> 0.76927466 | FF4: 0.80526547 | FG4: 0.75208299 | FH4: =FF4*($AV4/$AX4)+FG4*($AW4/$AX4) -> 0.76895145 | FI4: =AVERAGE(DY4,EB4,EE4,EH4,EK4,EN4,EQ4,ET4,EW4,EZ4,FC4,FF4) -> 0.80614377 | FJ4: =AVERAGE(DZ4,EC4,EF4,EI4,EL4,EO4,ER4,EU4,EX4,FA4,FD4,FG4) -> 0.75131658 | FK4: =AVERAGE(EA4,ED4,EG4,EJ4,EM4,EP4,ES4,EV4,EY4,FB4,FE4,FH4) -> 0.76870671 | FN4: =FL4*($X4/$Z4)+FM4*($Y4/$Z4) -> 0 | FQ4: =FO4*($X4/$Z4)+FP4*($Y4/$Z4) -> 0 | FT4: =FR4*($X4/$Z4)+FS4*($Y4/$Z4) -> 0 | FW4: =FU4*($X4/$Z4)+FV4*($Y4/$Z4) -> 0 | FZ4: =FX4*($X4/$Z4)+FY4*($Y4/$Z4) -> 0 | GC4: =GA4*($X4/$Z4)+GB4*($Y4/$Z4) -> 0 | GF4: =GD4*($X4/$Z4)+GE4*($Y4/$Z4) -> 0 | GI4: =GG4*($X4/$Z4)+GH4*($Y4/$Z4) -> 0 | GL4: =GJ4*($X4/$Z4)+GK4*($Y4/$Z4) -> 0 | GO4: =GM4*($X4/$Z4)+GN4*($Y4/$Z4) -> 0 | GP4: =AVERAGEA(FL4,FO4,FR4,FU4,FX4,GA4,GD4,GG4,GJ4,GM4) -> #DIV/0! | GQ4: =AVERAGEA(FM4,FP4,FS4,FV4,FY4,GB4,GE4,GH4,GK4,GN4) -> #DIV/0! | GR4: =AVERAGEA(FN4,FQ4,FT4,FW4,FZ4,GC4,GF4,GI4,GL4,GO4) -> 0
A5: 강원특별자치도 고성군 | B5: 고성군 | C5: 군 | D5: 군지역 | E5: 27329 | F5: 25 | G5: 56 | H5: 81 | I5: 25 | J5: 56 | K5: 81 | L5: =VLOOKUP(B5,'[2]1월'!$D$6:$AU$179,13,0) -> 7.7741935 | M5: =VLOOKUP(B5,'[2]1월'!$D$6:$AU$179,28,0) -> 45.225806 | N5: =L5+M5 -> 53 | O5: =VLOOKUP(B5,'[2]2월'!$D$6:$AU$179,13,0) -> 8.2758621 | P5: =VLOOKUP(B5,'[2]2월'!$D$6:$AU$179,28,0) -> 44.793103 | Q5: =O5+P5 -> 53.068966 | R5: =VLOOKUP(B5,'[2]3월'!$D$6:$AU$179,13,0) -> 9.7741935 | S5: =VLOOKUP(B5,'[2]3월'!$D$6:$AU$179,28,0) -> 45.741935 | T5: =R5+S5 -> 55.516129 | U5: =VLOOKUP(B5,'[2]4월'!$D$6:$AU$179,13,0) -> 12 | V5: =VLOOKUP(B5,'[2]4월'!$D$6:$AU$179,28,0) -> 45.966667 | W5: =U5+V5 -> 57.966667 | X5: =VLOOKUP(B5,'[2]5월'!$D$6:$AU$179,13,0) -> 13 | Y5: =VLOOKUP(B5,'[2]5월'!$D$6:$AU$179,28,0) -> 43.387097 | Z5: =X5+Y5 -> 56.387097 | AA5: =VLOOKUP(B5,'[2]6월'!$D$6:$AU$179,13,0) -> 12.966667 | AB5: =VLOOKUP(B5,'[2]6월'!$D$6:$AU$179,28,0) -> 45.466667 | AC5: =AA5+AB5 -> 58.433333 | AD5: =VLOOKUP(B5,'[2]7월'!$D$6:$AU$179,13,0) -> 13.451613 | AE5: =VLOOKUP(B5,'[2]7월'!$D$6:$AU$179,28,0) -> 53.032258 | AF5: =AD5+AE5 -> 66.483871 | AG5: =VLOOKUP(B5,'[2]8월'!$D$6:$AU$179,13,0) -> 13.870968 | AH5: =VLOOKUP(B5,'[2]8월'!$D$6:$AU$179,28,0) -> 54.677419 | AI5: =AG5+AH5 -> 68.548387 | AJ5: =VLOOKUP(B5,'[2]9월'!$D$6:$AU$179,13,0) -> 13.2 | AK5: =VLOOKUP(B5,'[2]9월'!$D$6:$AU$179,28,0) -> 53.966667 | AL5: =AJ5+AK5 -> 67.166667 | AM5: =VLOOKUP(B5,'[2]10월'!$D$6:$AU$179,13,0) -> 13.419355 | AN5: =VLOOKUP(B5,'[2]10월'!$D$6:$AU$179,28,0) -> 53.935484 | AO5: =AM5+AN5 -> 67.354839 | AP5: =VLOOKUP(B5,'[3]11월'!$D$6:$P$179,13,0) -> 12.6 | AQ5: =VLOOKUP(B5,'[3]11월'!$D$6:$AE$179,28,0) -> 53.533333 | AR5: =AP5+AQ5 -> 66.133333 | AS5: =VLOOKUP(B5,'[3]12월'!$D$6:$P$179,13,0) -> 13.580645 | AT5: =VLOOKUP(B5,'[3]12월'!$D$6:$AE$179,28,0) -> 54.483871 | AU5: =AS5+AT5 -> 68.064516 | AV5: =AVERAGEA(L5,O5,R5,U5,X5,AA5,AD5,AG5,AJ5,AM5,AP5,AS5) -> 11.992791 | AW5: =AVERAGEA(M5,P5,S5,V5,Y5,AB5,AE5,AH5,AK5,AN5,AQ5,AT5) -> 49.517526 | AX5: =AVERAGEA(N5,Q5,T5,W5,Z5,AC5,AF5,AI5,AL5,AO5,AR5,AU5) -> 61.510317 | AY5: 0.40139205 | AZ5: 0.3546273 | BA5: =AY5*($AV5/$AX5)+AZ5*($AW5/$AX5) -> 0.36374512 | BB5: 0.39932985 | BC5: 0.3696048 | BD5: =BB5*($AV5/$AX5)+BC5*($AW5/$AX5) -> 0.37540035 | BE5: 0.37037014 | BF5: 0.34842615 | BG5: =BE5*($AV5/$AX5)+BF5*($AW5/$AX5) -> 0.35270461 | BH5: 0.3597468 | BI5: 0.35125804 | BJ5: =BH5*($AV5/$AX5)+BI5*($AW5/$AX5) -> 0.35291311 | BK5: 0.36923592 | BL5: 0.35802606 | BM5: =BK5*($AV5/$AX5)+BL5*($AW5/$AX5) -> 0.36021167 | BN5: 0.39858154 | BO5: 0.35265722 | BP5: =BN5*($AV5/$AX5)+BO5*($AW5/$AX5) -> 0.36161118 | BQ5: 0.10734717 | BR5: 0.1142467 | BS5: =BQ5*($AV5/$AX5)+BR5*($AW5/$AX5) -> 0.11290149 | BT5: 0.10616662 | BU5: 0.37224297 | BV5: =BT5*($AV5/$AX5)+BU5*($AW5/$AX5) -> 0.32036552 | BW5: 0.13525919 | BX5: 0.34911621 | BY5: =BW5*($AV5/$AX5)+BX5*($AW5/$AX5) -> 0.30742008 | BZ5: 0.098506708 | CA5: 0.34624839 | CB5: =BZ5*($AV5/$AX5)+CA5*($AW5/$AX5) -> 0.29794569 | CC5: 0.2318391 | CD5: 0.33834148 | CE5: =CC5*($AV5/$AX5)+CD5*($AW5/$AX5) -> 0.3175765 | CF5: 0.36395312 | CG5: 0.34151782 | CH5: =CF5*($AV5/$AX5)+CG5*($AW5/$AX5) -> 0.34589208 | CI5: =AVERAGEA(AY5,BB5,BE5,BH5,BK5,BN5,BQ5,BT5,BW5,BZ5,CC5,CF5) -> 0.27847735 | CJ5: =AVERAGEA(AZ5,BC5,BF5,BI5,BL5,BO5,BR5,BU5,BX5,CA5,CD5,CG5) -> 0.3330261 | CK5: =AVERAGEA(BA5,BD5,BG5,BJ5,BM5,BP5,BS5,BV5,BY5,CB5,CE5,CH5) -> 0.32239062 | CL5: 0.18568147 | CM5: 0.1617919 | CN5: =CL5*($AV5/$AX5)+CM5*($AW5/$AX5) -> 0.1664497 | CO5: 0.19410154 | CP5: 0.18207125 | CQ5: =CO5*($AV5/$AX5)+CP5*($AW5/$AX5) -> 0.18441682 | CR5: 0.18188368 | CS5: 0.15763827 | CT5: =CR5*($AV5/$AX5)+CS5*($AW5/$AX5) -> 0.16236544 | CU5: 0.18316171 | CV5: 0.17668951 | CW5: =CU5*($AV5/$AX5)+CV5*($AW5/$AX5) -> 0.17795141 | CX5: 0.17976332 | CY5: 0.18709874 | CZ5: =CX5*($AV5/$AX5)+CY5*($AW5/$AX5) -> 0.18566854 | DA5: 0.20687415 | DB5: 0.19292569 | DC5: =DA5*($AV5/$AX5)+DB5*($AW5/$AX5) -> 0.19564525 | DD5: 0.19056803 | DE5: 0.065764291 | DF5: =DD5*($AV5/$AX5)+DE5*($AW5/$AX5) -> 0.09009753 | DG5: 0.19646452 | DH5: 0.21795676 | DI5: =DG5*($AV5/$AX5)+DH5*($AW5/$AX5) -> 0.21376637 | DJ5: 0.20347288 | DK5: 0.19874063 | DL5: =DJ5*($AV5/$AX5)+DK5*($AW5/$AX5) -> 0.19966329 | DM5: 0.20872941 | DN5: 0.19815189 | DO5: =DM5*($AV5/$AX5)+DN5*($AW5/$AX5) -> 0.20021421 | DP5: 0.10514953 | DQ5: 0.18626929 | DR5: =DP5*($AV5/$AX5)+DQ5*($AW5/$AX5) -> 0.17045321 | DS5: 0.17307279 | DT5: 0.17660945 | DU5: =DS5*($AV5/$AX5)+DT5*($AW5/$AX5) -> 0.1759199 | DV5: =AVERAGEA(CL5,CO5,CR5,CU5,CX5,DA5,DD5,DG5,DJ5,DM5,DP5,DS5) -> 0.18407692 | DW5: =AVERAGEA(CM5,CP5,CS5,CV5,CY5,DB5,DE5,DH5,DK5,DN5,DQ5,DT5) -> 0.17514231 | DX5: =AVERAGEA(CN5,CQ5,CT5,CW5,CZ5,DC5,DF5,DI5,DL5,DO5,DR5,DU5) -> 0.17688431 | DY5: 0.95159336 | DZ5: 0.88261769 | EA5: =DY5*($AV5/$AX5)+DZ5*($AW5/$AX5) -> 0.89606602 | EB5: 0.9433125 | EC5: 0.87976674 | ED5: =EB5*($AV5/$AX5)+EC5*($AW5/$AX5) -> 0.89215639 | EE5: 0.89484488 | EF5: 0.87245487 | EG5: =EE5*($AV5/$AX5)+EF5*($AW5/$AX5) -> 0.87682029 | EH5: 0.83828611 | EI5: 0.85585932 | EJ5: =EH5*($AV5/$AX5)+EI5*($AW5/$AX5) -> 0.85243303 | EK5: 0.87196774 | EL5: 0.86069814 | EM5: =EK5*($AV5/$AX5)+EL5*($AW5/$AX5) -> 0.8628954 | EN5: 0.85278149 | EO5: 0.87876906 | EP5: =EN5*($AV5/$AX5)+EO5*($AW5/$AX5) -> 0.87370221 | EQ5: 0.90301679 | ER5: 0.86600547 | ES5: =EQ5*($AV5/$AX5)+ER5*($AW5/$AX5) -> 0.87322165 | ET5: 0.89352558 | EU5: 0.89808673 | EV5: =ET5*($AV5/$AX5)+EU5*($AW5/$AX5) -> 0.89719743 | EW5: 0.87207828 | EX5: 0.86264731 | EY5: =EW5*($AV5/$AX5)+EX5*($AW5/$AX5) -> 0.86448609 | EZ5: 0.84130769 | FA5: 0.85023804 | FB5: =EZ5*($AV5/$AX5)+FA5*($AW5/$AX5) -> 0.84849687 | FC5: 0.85049735 | FD5: 0.87192154 | FE5: =FC5*($AV5/$AX5)+FD5*($AW5/$AX5) -> 0.86774443 | FF5: 0.84230166 | FG5: 0.85899882 | FH5: =FF5*($AV5/$AX5)+FG5*($AW5/$AX5) -> 0.85574334 | FI5: =AVERAGE(DY5,EB5,EE5,EH5,EK5,EN5,EQ5,ET5,EW5,EZ5,FC5,FF5) -> 0.87962612 | FJ5: =AVERAGE(DZ5,EC5,EF5,EI5,EL5,EO5,ER5,EU5,EX5,FA5,FD5,FG5) -> 0.86983864 | FK5: =AVERAGE(EA5,ED5,EG5,EJ5,EM5,EP5,ES5,EV5,EY5,FB5,FE5,FH5) -> 0.87174693 | FN5: =FL5*($X5/$Z5)+FM5*($Y5/$Z5) -> 0 | FQ5: =FO5*($X5/$Z5)+FP5*($Y5/$Z5) -> 0 | FT5: =FR5*($X5/$Z5)+FS5*($Y5/$Z5) -> 0 | FW5: =FU5*($X5/$Z5)+FV5*($Y5/$Z5) -> 0 | FZ5: =FX5*($X5/$Z5)+FY5*($Y5/$Z5) -> 0 | GC5: =GA5*($X5/$Z5)+GB5*($Y5/$Z5) -> 0 | GF5: =GD5*($X5/$Z5)+GE5*($Y5/$Z5) -> 0 | GI5: =GG5*($X5/$Z5)+GH5*($Y5/$Z5) -> 0 | GL5: =GJ5*($X5/$Z5)+GK5*($Y5/$Z5) -> 0 | GO5: =GM5*($X5/$Z5)+GN5*($Y5/$Z5) -> 0 | GP5: =AVERAGEA(FL5,FO5,FR5,FU5,FX5,GA5,GD5,GG5,GJ5,GM5) -> #DIV/0! | GQ5: =AVERAGEA(FM5,FP5,FS5,FV5,FY5,GB5,GE5,GH5,GK5,GN5) -> #DIV/0! | GR5: =AVERAGEA(FN5,FQ5,FT5,FW5,FZ5,GC5,GF5,GI5,GL5,GO5) -> 0
A6: 강원특별자치도 동해시 | B6: 동해시 | C6: 시 | D6: 20만 이하 | E6: 88851 | F6: 141 | G6: 341 | H6: 482 | I6: 141 | J6: 341 | K6: 482 | L6: =VLOOKUP(B6,'[2]1월'!$D$6:$AU$179,13,0) -> 99.903226 | M6: =VLOOKUP(B6,'[2]1월'!$D$6:$AU$179,28,0) -> 247.03226 | N6: =L6+M6 -> 346.93548 | O6: =VLOOKUP(B6,'[2]2월'!$D$6:$AU$179,13,0) -> 96.62069 | P6: =VLOOKUP(B6,'[2]2월'!$D$6:$AU$179,28,0) -> 240.31034 | Q6: =O6+P6 -> 336.93103 | R6: =VLOOKUP(B6,'[2]3월'!$D$6:$AU$179,13,0) -> 90.935484 | S6: =VLOOKUP(B6,'[2]3월'!$D$6:$AU$179,28,0) -> 242.74194 | T6: =R6+S6 -> 333.67742 | U6: =VLOOKUP(B6,'[2]4월'!$D$6:$AU$179,13,0) -> 91.7 | V6: =VLOOKUP(B6,'[2]4월'!$D$6:$AU$179,28,0) -> 243.1 | W6: =U6+V6 -> 334.8 | X6: =VLOOKUP(B6,'[2]5월'!$D$6:$AU$179,13,0) -> 89.580645 | Y6: =VLOOKUP(B6,'[2]5월'!$D$6:$AU$179,28,0) -> 240.29032 | Z6: =X6+Y6 -> 329.87097 | AA6: =VLOOKUP(B6,'[2]6월'!$D$6:$AU$179,13,0) -> 89.4 | AB6: =VLOOKUP(B6,'[2]6월'!$D$6:$AU$179,28,0) -> 235.46667 | AC6: =AA6+AB6 -> 324.86667 | AD6: =VLOOKUP(B6,'[2]7월'!$D$6:$AU$179,13,0) -> 104.16129 | AE6: =VLOOKUP(B6,'[2]7월'!$D$6:$AU$179,28,0) -> 282.58065 | AF6: =AD6+AE6 -> 386.74194 | AG6: =VLOOKUP(B6,'[2]8월'!$D$6:$AU$179,13,0) -> 112.64516 | AH6: =VLOOKUP(B6,'[2]8월'!$D$6:$AU$179,28,0) -> 295.48387 | AI6: =AG6+AH6 -> 408.12903 | AJ6: =VLOOKUP(B6,'[2]9월'!$D$6:$AU$179,13,0) -> 112.33333 | AK6: =VLOOKUP(B6,'[2]9월'!$D$6:$AU$179,28,0) -> 281.5 | AL6: =AJ6+AK6 -> 393.83333 | AM6: =VLOOKUP(B6,'[2]10월'!$D$6:$AU$179,13,0) -> 111.41935 | AN6: =VLOOKUP(B6,'[2]10월'!$D$6:$AU$179,28,0) -> 287.06452 | AO6: =AM6+AN6 -> 398.48387 | AP6: =VLOOKUP(B6,'[3]11월'!$D$6:$P$179,13,0) -> 111.63333 | AQ6: =VLOOKUP(B6,'[3]11월'!$D$6:$AE$179,28,0) -> 293.66667 | AR6: =AP6+AQ6 -> 405.3 | AS6: =VLOOKUP(B6,'[3]12월'!$D$6:$P$179,13,0) -> 107.80645 | AT6: =VLOOKUP(B6,'[3]12월'!$D$6:$AE$179,28,0) -> 294.45161 | AU6: =AS6+AT6 -> 402.25806 | AV6: =AVERAGEA(L6,O6,R6,U6,X6,AA6,AD6,AG6,AJ6,AM6,AP6,AS6) -> 101.51158 | AW6: =AVERAGEA(M6,P6,S6,V6,Y6,AB6,AE6,AH6,AK6,AN6,AQ6,AT6) -> 265.3074 | AX6: =AVERAGEA(N6,Q6,T6,W6,Z6,AC6,AF6,AI6,AL6,AO6,AR6,AU6) -> 366.81898 | AY6: 0.45874266 | AZ6: 0.45899941 | BA6: =AY6*($AV6/$AX6)+AZ6*($AW6/$AX6) -> 0.45892836 | BB6: 0.49351407 | BC6: 0.49426267 | BD6: =BB6*($AV6/$AX6)+BC6*($AW6/$AX6) -> 0.49405551 | BE6: 0.46369092 | BF6: 0.46529776 | BG6: =BE6*($AV6/$AX6)+BF6*($AW6/$AX6) -> 0.46485309 | BH6: 0.46217307 | BI6: 0.46193046 | BJ6: =BH6*($AV6/$AX6)+BI6*($AW6/$AX6) -> 0.4619976 | BK6: 0.46920986 | BL6: 0.47125367 | BM6: =BK6*($AV6/$AX6)+BL6*($AW6/$AX6) -> 0.47068808 | BN6: 0.47005551 | BO6: 0.47293461 | BP6: =BN6*($AV6/$AX6)+BO6*($AW6/$AX6) -> 0.47213787 | BQ6: 0.4127458 | BR6: 0.49871707 | BS6: =BQ6*($AV6/$AX6)+BR6*($AW6/$AX6) -> 0.47492583 | BT6: 0.37688984 | BU6: 0.48665873 | BV6: =BT6*($AV6/$AX6)+BU6*($AW6/$AX6) -> 0.45628185 | BW6: 0.37626012 | BX6: 0.47849762 | BY6: =BW6*($AV6/$AX6)+BX6*($AW6/$AX6) -> 0.45020495 | BZ6: 0.35612644 | CA6: 0.45997117 | CB6: =BZ6*($AV6/$AX6)+CA6*($AW6/$AX6) -> 0.43123372 | CC6: 0.33456233 | CD6: 0.45076405 | CE6: =CC6*($AV6/$AX6)+CD6*($AW6/$AX6) -> 0.41860699 | CF6: 0.32852516 | CG6: 0.45569235 | CH6: =CF6*($AV6/$AX6)+CG6*($AW6/$AX6) -> 0.42050076 | CI6: =AVERAGEA(AY6,BB6,BE6,BH6,BK6,BN6,BQ6,BT6,BW6,BZ6,CC6,CF6) -> 0.41687465 | CJ6: =AVERAGEA(AZ6,BC6,BF6,BI6,BL6,BO6,BR6,BU6,BX6,CA6,CD6,CG6) -> 0.4712483 | CK6: =AVERAGEA(BA6,BD6,BG6,BJ6,BM6,BP6,BS6,BV6,BY6,CB6,CE6,CH6) -> 0.45620122 | CL6: 0.23810481 | CM6: 0.24854196 | CN6: =CL6*($AV6/$AX6)+CM6*($AW6/$AX6) -> 0.24565364 | CO6: 0.27905241 | CP6: 0.28932402 | CQ6: =CO6*($AV6/$AX6)+CP6*($AW6/$AX6) -> 0.28648151 | CR6: 0.23617617 | CS6: 0.25998532 | CT6: =CR6*($AV6/$AX6)+CS6*($AW6/$AX6) -> 0.2533965 | CU6: 0.24223811 | CV6: 0.2671529 | CW6: =CU6*($AV6/$AX6)+CV6*($AW6/$AX6) -> 0.26025811 | CX6: 0.24754982 | CY6: 0.27474848 | CZ6: =CX6*($AV6/$AX6)+CY6*($AW6/$AX6) -> 0.26722166 | DA6: 0.25261401 | DB6: 0.27362133 | DC6: =DA6*($AV6/$AX6)+DB6*($AW6/$AX6) -> 0.26780788 | DD6: 0.20877176 | DE6: 0.27657607 | DF6: =DD6*($AV6/$AX6)+DE6*($AW6/$AX6) -> 0.25781226 | DG6: 0.18379601 | DH6: 0.25273805 | DI6: =DG6*($AV6/$AX6)+DH6*($AW6/$AX6) -> 0.23365939 | DJ6: 0.18805479 | DK6: 0.2535618 | DL6: =DJ6*($AV6/$AX6)+DK6*($AW6/$AX6) -> 0.23543373 | DM6: 0.17202226 | DN6: 0.23625052 | DO6: =DM6*($AV6/$AX6)+DN6*($AW6/$AX6) -> 0.21847632 | DP6: 0.15909096 | DQ6: 0.22884881 | DR6: =DP6*($AV6/$AX6)+DQ6*($AW6/$AX6) -> 0.20954438 | DS6: 0.15917874 | DT6: 0.23329281 | DU6: =DS6*($AV6/$AX6)+DT6*($AW6/$AX6) -> 0.21278287 | DV6: =AVERAGEA(CL6,CO6,CR6,CU6,CX6,DA6,DD6,DG6,DJ6,DM6,DP6,DS6) -> 0.21388749 | DW6: =AVERAGEA(CM6,CP6,CS6,CV6,CY6,DB6,DE6,DH6,DK6,DN6,DQ6,DT6) -> 0.25788684 | DX6: =AVERAGEA(CN6,CQ6,CT6,CW6,CZ6,DC6,DF6,DI6,DL6,DO6,DR6,DU6) -> 0.24571069 | DY6: 0.8252299 | DZ6: 0.80078258 | EA6: =DY6*($AV6/$AX6)+DZ6*($AW6/$AX6) -> 0.807548 | EB6: 0.84086617 | EC6: 0.78997675 | ED6: =EB6*($AV6/$AX6)+EC6*($AW6/$AX6) -> 0.80405963 | EE6: 0.84270663 | EF6: 0.79725661 | EG6: =EE6*($AV6/$AX6)+EF6*($AW6/$AX6) -> 0.80983421 | EH6: 0.83356743 | EI6: 0.78704827 | EJ6: =EH6*($AV6/$AX6)+EI6*($AW6/$AX6) -> 0.79992174 | EK6: 0.83787432 | EL6: 0.79405168 | EM6: =EK6*($AV6/$AX6)+EL6*($AW6/$AX6) -> 0.80617893 | EN6: 0.84999254 | EO6: 0.79374972 | EP6: =EN6*($AV6/$AX6)+EO6*($AW6/$AX6) -> 0.80931406 | EQ6: 0.85278507 | ER6: 0.775425 | ES6: =EQ6*($AV6/$AX6)+ER6*($AW6/$AX6) -> 0.79683322 | ET6: 0.88753236 | EU6: 0.81883177 | EV6: =ET6*($AV6/$AX6)+EU6*($AW6/$AX6) -> 0.83784361 | EW6: 0.86247211 | EX6: 0.79578176 | EY6: =EW6*($AV6/$AX6)+EX6*($AW6/$AX6) -> 0.8142373 | EZ6: 0.84636132 | FA6: 0.79279368 | FB6: =EZ6*($AV6/$AX6)+FA6*($AW6/$AX6) -> 0.80761771 | FC6: 0.8544467 | FD6: 0.7995773 | FE6: =FC6*($AV6/$AX6)+FD6*($AW6/$AX6) -> 0.81476157 | FF6: 0.85410233 | FG6: 0.80945223 | FH6: =FF6*($AV6/$AX6)+FG6*($AW6/$AX6) -> 0.82180847 | FI6: =AVERAGE(DY6,EB6,EE6,EH6,EK6,EN6,EQ6,ET6,EW6,EZ6,FC6,FF6) -> 0.84899474 | FJ6: =AVERAGE(DZ6,EC6,EF6,EI6,EL6,EO6,ER6,EU6,EX6,FA6,FD6,FG6) -> 0.79622728 | FK6: =AVERAGE(EA6,ED6,EG6,EJ6,EM6,EP6,ES6,EV6,EY6,FB6,FE6,FH6) -> 0.81082987 | FN6: =FL6*($X6/$Z6)+FM6*($Y6/$Z6) -> 0 | FQ6: =FO6*($X6/$Z6)+FP6*($Y6/$Z6) -> 0 | FT6: =FR6*($X6/$Z6)+FS6*($Y6/$Z6) -> 0 | FW6: =FU6*($X6/$Z6)+FV6*($Y6/$Z6) -> 0 | FZ6: =FX6*($X6/$Z6)+FY6*($Y6/$Z6) -> 0 | GC6: =GA6*($X6/$Z6)+GB6*($Y6/$Z6) -> 0 | GF6: =GD6*($X6/$Z6)+GE6*($Y6/$Z6) -> 0 | GI6: =GG6*($X6/$Z6)+GH6*($Y6/$Z6) -> 0 | GL6: =GJ6*($X6/$Z6)+GK6*($Y6/$Z6) -> 0 | GO6: =GM6*($X6/$Z6)+GN6*($Y6/$Z6) -> 0 | GP6: =AVERAGEA(FL6,FO6,FR6,FU6,FX6,GA6,GD6,GG6,GJ6,GM6) -> #DIV/0! | GQ6: =AVERAGEA(FM6,FP6,FS6,FV6,FY6,GB6,GE6,GH6,GK6,GN6) -> #DIV/0! | GR6: =AVERAGEA(FN6,FQ6,FT6,FW6,FZ6,GC6,GF6,GI6,GL6,GO6) -> 0
A7: 강원특별자치도 삼척시 | B7: 삼척시 | C7: 시 | D7: 20만 이하 | E7: 63063 | F7: 99 | G7: 157 | H7: 256 | I7: 99 | J7: 157 | K7: 256 | L7: =VLOOKUP(B7,'[2]1월'!$D$6:$AU$179,13,0) -> 73 | M7: =VLOOKUP(B7,'[2]1월'!$D$6:$AU$179,28,0) -> 139.64516 | N7: =L7+M7 -> 212.64516 | O7: =VLOOKUP(B7,'[2]2월'!$D$6:$AU$179,13,0) -> 70.034483 | P7: =VLOOKUP(B7,'[2]2월'!$D$6:$AU$179,28,0) -> 134.31034 | Q7: =O7+P7 -> 204.34483 | R7: =VLOOKUP(B7,'[2]3월'!$D$6:$AU$179,13,0) -> 73.129032 | S7: =VLOOKUP(B7,'[2]3월'!$D$6:$AU$179,28,0) -> 136.35484 | T7: =R7+S7 -> 209.48387 | U7: =VLOOKUP(B7,'[2]4월'!$D$6:$AU$179,13,0) -> 72.3 | V7: =VLOOKUP(B7,'[2]4월'!$D$6:$AU$179,28,0) -> 136.93333 | W7: =U7+V7 -> 209.23333 | X7: =VLOOKUP(B7,'[2]5월'!$D$6:$AU$179,13,0) -> 70.903226 | Y7: =VLOOKUP(B7,'[2]5월'!$D$6:$AU$179,28,0) -> 135.41935 | Z7: =X7+Y7 -> 206.32258 | AA7: =VLOOKUP(B7,'[2]6월'!$D$6:$AU$179,13,0) -> 69.2 | AB7: =VLOOKUP(B7,'[2]6월'!$D$6:$AU$179,28,0) -> 138.56667 | AC7: =AA7+AB7 -> 207.76667 | AD7: =VLOOKUP(B7,'[2]7월'!$D$6:$AU$179,13,0) -> 67.483871 | AE7: =VLOOKUP(B7,'[2]7월'!$D$6:$AU$179,28,0) -> 137.48387 | AF7: =AD7+AE7 -> 204.96774 | AG7: =VLOOKUP(B7,'[2]8월'!$D$6:$AU$179,13,0) -> 69.645161 | AH7: =VLOOKUP(B7,'[2]8월'!$D$6:$AU$179,28,0) -> 136.48387 | AI7: =AG7+AH7 -> 206.12903 | AJ7: =VLOOKUP(B7,'[2]9월'!$D$6:$AU$179,13,0) -> 70.866667 | AK7: =VLOOKUP(B7,'[2]9월'!$D$6:$AU$179,28,0) -> 135.83333 | AL7: =AJ7+AK7 -> 206.7 | AM7: =VLOOKUP(B7,'[2]10월'!$D$6:$AU$179,13,0) -> 68 | AN7: =VLOOKUP(B7,'[2]10월'!$D$6:$AU$179,28,0) -> 135.6129 | AO7: =AM7+AN7 -> 203.6129 | AP7: =VLOOKUP(B7,'[3]11월'!$D$6:$P$179,13,0) -> 70.233333 | AQ7: =VLOOKUP(B7,'[3]11월'!$D$6:$AE$179,28,0) -> 131.43333 | AR7: =AP7+AQ7 -> 201.66667 | AS7: =VLOOKUP(B7,'[3]12월'!$D$6:$P$179,13,0) -> 70.290323 | AT7: =VLOOKUP(B7,'[3]12월'!$D$6:$AE$179,28,0) -> 131.80645 | AU7: =AS7+AT7 -> 202.09677 | AV7: =AVERAGEA(L7,O7,R7,U7,X7,AA7,AD7,AG7,AJ7,AM7,AP7,AS7) -> 70.423841 | AW7: =AVERAGEA(M7,P7,S7,V7,Y7,AB7,AE7,AH7,AK7,AN7,AQ7,AT7) -> 135.82362 | AX7: =AVERAGEA(N7,Q7,T7,W7,Z7,AC7,AF7,AI7,AL7,AO7,AR7,AU7) -> 206.24746 | AY7: 0.31449148 | AZ7: 0.39252556 | BA7: =AY7*($AV7/$AX7)+AZ7*($AW7/$AX7) -> 0.36588058 | BB7: 0.33219989 | BC7: 0.42367618 | BD7: =BB7*($AV7/$AX7)+BC7*($AW7/$AX7) -> 0.39244132 | BE7: 0.32576583 | BF7: 0.40087035 | BG7: =BE7*($AV7/$AX7)+BF7*($AW7/$AX7) -> 0.37522568 | BH7: 0.32087453 | BI7: 0.4142964 | BJ7: =BH7*($AV7/$AX7)+BI7*($AW7/$AX7) -> 0.38239721 | BK7: 0.33530982 | BL7: 0.4323628 | BM7: =BK7*($AV7/$AX7)+BL7*($AW7/$AX7) -> 0.39922376 | BN7: 0.32975322 | BO7: 0.41914145 | BP7: =BN7*($AV7/$AX7)+BO7*($AW7/$AX7) -> 0.38861956 | BQ7: 0.33650687 | BR7: 0.41558352 | BS7: =BQ7*($AV7/$AX7)+BR7*($AW7/$AX7) -> 0.38858255 | BT7: 0.34369831 | BU7: 0.4313269 | BV7: =BT7*($AV7/$AX7)+BU7*($AW7/$AX7) -> 0.40140584 | BW7: 0.36812351 | BX7: 0.42640956 | BY7: =BW7*($AV7/$AX7)+BX7*($AW7/$AX7) -> 0.40650761 | BZ7: 0.3530756 | CA7: 0.41991344 | CB7: =BZ7*($AV7/$AX7)+CA7*($AW7/$AX7) -> 0.39709145 | CC7: 0.35188977 | CD7: 0.41900989 | CE7: =CC7*($AV7/$AX7)+CD7*($AW7/$AX7) -> 0.39609151 | CF7: 0.36186197 | CG7: 0.41405141 | CH7: =CF7*($AV7/$AX7)+CG7*($AW7/$AX7) -> 0.39623116 | CI7: =AVERAGEA(AY7,BB7,BE7,BH7,BK7,BN7,BQ7,BT7,BW7,BZ7,CC7,CF7) -> 0.33946257 | CJ7: =AVERAGEA(AZ7,BC7,BF7,BI7,BL7,BO7,BR7,BU7,BX7,CA7,CD7,CG7) -> 0.41743062 | CK7: =AVERAGEA(BA7,BD7,BG7,BJ7,BM7,BP7,BS7,BV7,BY7,CB7,CE7,CH7) -> 0.39080819 | CL7: 0.18224046 | CM7: 0.18869778 | CN7: =CL7*($AV7/$AX7)+CM7*($AW7/$AX7) -> 0.18649291 | CO7: 0.20630883 | CP7: 0.22483936 | CQ7: =CO7*($AV7/$AX7)+CP7*($AW7/$AX7) -> 0.21851205 | CR7: 0.20246369 | CS7: 0.20797553 | CT7: =CR7*($AV7/$AX7)+CS7*($AW7/$AX7) -> 0.2060935 | CU7: 0.2034203 | CV7: 0.21939179 | CW7: =CU7*($AV7/$AX7)+CV7*($AW7/$AX7) -> 0.21393828 | CX7: 0.22019463 | CY7: 0.23712875 | CZ7: =CX7*($AV7/$AX7)+CY7*($AW7/$AX7) -> 0.23134654 | DA7: 0.20716554 | DB7: 0.21689836 | DC7: =DA7*($AV7/$AX7)+DB7*($AW7/$AX7) -> 0.21357506 | DD7: 0.20585561 | DE7: 0.21317636 | DF7: =DD7*($AV7/$AX7)+DE7*($AW7/$AX7) -> 0.21067667 | DG7: 0.19741009 | DH7: 0.20861783 | DI7: =DG7*($AV7/$AX7)+DH7*($AW7/$AX7) -> 0.20479091 | DJ7: 0.21817981 | DK7: 0.21725062 | DL7: =DJ7*($AV7/$AX7)+DK7*($AW7/$AX7) -> 0.21756789 | DM7: 0.21178429 | DN7: 0.21504904 | DO7: =DM7*($AV7/$AX7)+DN7*($AW7/$AX7) -> 0.21393428 | DP7: 0.21905603 | DQ7: 0.21307297 | DR7: =DP7*($AV7/$AX7)+DQ7*($AW7/$AX7) -> 0.2151159 | DS7: 0.22138789 | DT7: 0.20773491 | DU7: =DS7*($AV7/$AX7)+DT7*($AW7/$AX7) -> 0.21239676 | DV7: =AVERAGEA(CL7,CO7,CR7,CU7,CX7,DA7,DD7,DG7,DJ7,DM7,DP7,DS7) -> 0.2079556 | DW7: =AVERAGEA(CM7,CP7,CS7,CV7,CY7,DB7,DE7,DH7,DK7,DN7,DQ7,DT7) -> 0.21415278 | DX7: =AVERAGEA(CN7,CQ7,CT7,CW7,CZ7,DC7,DF7,DI7,DL7,DO7,DR7,DU7) -> 0.21203673 | DY7: 0.8236129 | DZ7: 0.83547609 | EA7: =DY7*($AV7/$AX7)+DZ7*($AW7/$AX7) -> 0.83142537 | EB7: 0.81041359 | EC7: 0.83089628 | ED7: =EB7*($AV7/$AX7)+EC7*($AW7/$AX7) -> 0.8239024 | EE7: 0.82135995 | EF7: 0.83701325 | EG7: =EE7*($AV7/$AX7)+EF7*($AW7/$AX7) -> 0.83166838 | EH7: 0.81968557 | EI7: 0.83072907 | EJ7: =EH7*($AV7/$AX7)+EI7*($AW7/$AX7) -> 0.82695823 | EK7: 0.80528207 | EL7: 0.81230395 | EM7: =EK7*($AV7/$AX7)+EL7*($AW7/$AX7) -> 0.80990631 | EN7: 0.82550915 | EO7: 0.84110031 | EP7: =EN7*($AV7/$AX7)+EO7*($AW7/$AX7) -> 0.83577666 | EQ7: 0.83707409 | ER7: 0.85380385 | ES7: =EQ7*($AV7/$AX7)+ER7*($AW7/$AX7) -> 0.84809142 | ET7: 0.82543724 | EU7: 0.84304136 | EV7: =ET7*($AV7/$AX7)+EU7*($AW7/$AX7) -> 0.83703038 | EW7: 0.81724459 | EX7: 0.8367308 | EY7: =EW7*($AV7/$AX7)+EX7*($AW7/$AX7) -> 0.83007717 | EZ7: 0.80399004 | FA7: 0.82759515 | FB7: =EZ7*($AV7/$AX7)+FA7*($AW7/$AX7) -> 0.81953511 | FC7: 0.81280304 | FD7: 0.83810855 | FE7: =FC7*($AV7/$AX7)+FD7*($AW7/$AX7) -> 0.8294679 | FF7: 0.82244332 | FG7: 0.83668306 | FH7: =FF7*($AV7/$AX7)+FG7*($AW7/$AX7) -> 0.83182086 | FI7: =AVERAGE(DY7,EB7,EE7,EH7,EK7,EN7,EQ7,ET7,EW7,EZ7,FC7,FF7) -> 0.81873796 | FJ7: =AVERAGE(DZ7,EC7,EF7,EI7,EL7,EO7,ER7,EU7,EX7,FA7,FD7,FG7) -> 0.83529014 | FK7: =AVERAGE(EA7,ED7,EG7,EJ7,EM7,EP7,ES7,EV7,EY7,FB7,FE7,FH7) -> 0.82963835 | FN7: =FL7*($X7/$Z7)+FM7*($Y7/$Z7) -> 0 | FQ7: =FO7*($X7/$Z7)+FP7*($Y7/$Z7) -> 0 | FT7: =FR7*($X7/$Z7)+FS7*($Y7/$Z7) -> 0 | FW7: =FU7*($X7/$Z7)+FV7*($Y7/$Z7) -> 0 | FZ7: =FX7*($X7/$Z7)+FY7*($Y7/$Z7) -> 0 | GC7: =GA7*($X7/$Z7)+GB7*($Y7/$Z7) -> 0 | GF7: =GD7*($X7/$Z7)+GE7*($Y7/$Z7) -> 0 | GI7: =GG7*($X7/$Z7)+GH7*($Y7/$Z7) -> 0 | GL7: =GJ7*($X7/$Z7)+GK7*($Y7/$Z7) -> 0 | GO7: =GM7*($X7/$Z7)+GN7*($Y7/$Z7) -> 0 | GP7: =AVERAGEA(FL7,FO7,FR7,FU7,FX7,GA7,GD7,GG7,GJ7,GM7) -> #DIV/0! | GQ7: =AVERAGEA(FM7,FP7,FS7,FV7,FY7,GB7,GE7,GH7,GK7,GN7) -> #DIV/0! | GR7: =AVERAGEA(FN7,FQ7,FT7,FW7,FZ7,GC7,GF7,GI7,GL7,GO7) -> 0
A8: 강원특별자치도 속초시 | B8: 속초시 | C8: 시 | D8: 20만 이하 | E8: 82226 | F8: 172 | G8: 411 | H8: 583 | I8: 172 | J8: 411 | K8: 583 | L8: =VLOOKUP(B8,'[2]1월'!$D$6:$AU$179,13,0) -> 138.32258 | M8: =VLOOKUP(B8,'[2]1월'!$D$6:$AU$179,28,0) -> 353.90323 | N8: =L8+M8 -> 492.22581 | O8: =VLOOKUP(B8,'[2]2월'!$D$6:$AU$179,13,0) -> 140.03448 | P8: =VLOOKUP(B8,'[2]2월'!$D$6:$AU$179,28,0) -> 345.96552 | Q8: =O8+P8 -> 486 | R8: =VLOOKUP(B8,'[2]3월'!$D$6:$AU$179,13,0) -> 138.70968 | S8: =VLOOKUP(B8,'[2]3월'!$D$6:$AU$179,28,0) -> 355.09677 | T8: =R8+S8 -> 493.80645 | U8: =VLOOKUP(B8,'[2]4월'!$D$6:$AU$179,13,0) -> 137.96667 | V8: =VLOOKUP(B8,'[2]4월'!$D$6:$AU$179,28,0) -> 357.8 | W8: =U8+V8 -> 495.76667 | X8: =VLOOKUP(B8,'[2]5월'!$D$6:$AU$179,13,0) -> 137.96774 | Y8: =VLOOKUP(B8,'[2]5월'!$D$6:$AU$179,28,0) -> 358.58065 | Z8: =X8+Y8 -> 496.54839 | AA8: =VLOOKUP(B8,'[2]6월'!$D$6:$AU$179,13,0) -> 139.56667 | AB8: =VLOOKUP(B8,'[2]6월'!$D$6:$AU$179,28,0) -> 359.1 | AC8: =AA8+AB8 -> 498.66667 | AD8: =VLOOKUP(B8,'[2]7월'!$D$6:$AU$179,13,0) -> 139.80645 | AE8: =VLOOKUP(B8,'[2]7월'!$D$6:$AU$179,28,0) -> 368.64516 | AF8: =AD8+AE8 -> 508.45161 | AG8: =VLOOKUP(B8,'[2]8월'!$D$6:$AU$179,13,0) -> 143.12903 | AH8: =VLOOKUP(B8,'[2]8월'!$D$6:$AU$179,28,0) -> 372.09677 | AI8: =AG8+AH8 -> 515.22581 | AJ8: =VLOOKUP(B8,'[2]9월'!$D$6:$AU$179,13,0) -> 142.93333 | AK8: =VLOOKUP(B8,'[2]9월'!$D$6:$AU$179,28,0) -> 364.83333 | AL8: =AJ8+AK8 -> 507.76667 | AM8: =VLOOKUP(B8,'[2]10월'!$D$6:$AU$179,13,0) -> 143.74194 | AN8: =VLOOKUP(B8,'[2]10월'!$D$6:$AU$179,28,0) -> 368.58065 | AO8: =AM8+AN8 -> 512.32258 | AP8: =VLOOKUP(B8,'[3]11월'!$D$6:$P$179,13,0) -> 140.23333 | AQ8: =VLOOKUP(B8,'[3]11월'!$D$6:$AE$179,28,0) -> 367.73333 | AR8: =AP8+AQ8 -> 507.96667 | AS8: =VLOOKUP(B8,'[3]12월'!$D$6:$P$179,13,0) -> 136.19355 | AT8: =VLOOKUP(B8,'[3]12월'!$D$6:$AE$179,28,0) -> 371 | AU8: =AS8+AT8 -> 507.19355 | AV8: =AVERAGEA(L8,O8,R8,U8,X8,AA8,AD8,AG8,AJ8,AM8,AP8,AS8) -> 139.88379 | AW8: =AVERAGEA(M8,P8,S8,V8,Y8,AB8,AE8,AH8,AK8,AN8,AQ8,AT8) -> 361.94462 | AX8: =AVERAGEA(N8,Q8,T8,W8,Z8,AC8,AF8,AI8,AL8,AO8,AR8,AU8) -> 501.82841 | AY8: 0.38082648 | AZ8: 0.41106136 | BA8: =AY8*($AV8/$AX8)+AZ8*($AW8/$AX8) -> 0.40263344 | BB8: 0.40549856 | BC8: 0.42693175 | BD8: =BB8*($AV8/$AX8)+BC8*($AW8/$AX8) -> 0.42095729 | BE8: 0.37835691 | BF8: 0.38886128 | BG8: =BE8*($AV8/$AX8)+BF8*($AW8/$AX8) -> 0.38593321 | BH8: 0.37667261 | BI8: 0.40018663 | BJ8: =BH8*($AV8/$AX8)+BI8*($AW8/$AX8) -> 0.39363214 | BK8: 0.39187389 | BL8: 0.41962771 | BM8: =BK8*($AV8/$AX8)+BL8*($AW8/$AX8) -> 0.41189138 | BN8: 0.41907754 | BO8: 0.43689197 | BP8: =BN8*($AV8/$AX8)+BO8*($AW8/$AX8) -> 0.43192623 | BQ8: 0.40810838 | BR8: 0.45036639 | BS8: =BQ8*($AV8/$AX8)+BR8*($AW8/$AX8) -> 0.43858704 | BT8: 0.45424644 | BU8: 0.46426971 | BV8: =BT8*($AV8/$AX8)+BU8*($AW8/$AX8) -> 0.46147574 | BW8: 0.47582549 | BX8: 0.42793515 | BY8: =BW8*($AV8/$AX8)+BX8*($AW8/$AX8) -> 0.44128449 | BZ8: 0.45642609 | CA8: 0.42523746 | CB8: =BZ8*($AV8/$AX8)+CA8*($AW8/$AX8) -> 0.43393123 | CC8: 0.4300936 | CD8: 0.41558573 | CE8: =CC8*($AV8/$AX8)+CD8*($AW8/$AX8) -> 0.41962978 | CF8: 0.43188877 | CG8: 0.42322896 | CH8: =CF8*($AV8/$AX8)+CG8*($AW8/$AX8) -> 0.42564287 | CI8: =AVERAGEA(AY8,BB8,BE8,BH8,BK8,BN8,BQ8,BT8,BW8,BZ8,CC8,CF8) -> 0.4174079 | CJ8: =AVERAGEA(AZ8,BC8,BF8,BI8,BL8,BO8,BR8,BU8,BX8,CA8,CD8,CG8) -> 0.42418201 | CK8: =AVERAGEA(BA8,BD8,BG8,BJ8,BM8,BP8,BS8,BV8,BY8,CB8,CE8,CH8) -> 0.42229374 | CL8: 0.25928378 | CM8: 0.29147406 | CN8: =CL8*($AV8/$AX8)+CM8*($AW8/$AX8) -> 0.28250107 | CO8: 0.28349757 | CP8: 0.31603669 | CQ8: =CO8*($AV8/$AX8)+CP8*($AW8/$AX8) -> 0.30696647 | CR8: 0.25762888 | CS8: 0.27325679 | CT8: =CR8*($AV8/$AX8)+CS8*($AW8/$AX8) -> 0.26890054 | CU8: 0.25657954 | CV8: 0.2869718 | CW8: =CU8*($AV8/$AX8)+CV8*($AW8/$AX8) -> 0.27850001 | CX8: 0.27761876 | CY8: 0.31340449 | CZ8: =CX8*($AV8/$AX8)+CY8*($AW8/$AX8) -> 0.30342928 | DA8: 0.29911486 | DB8: 0.32768781 | DC8: =DA8*($AV8/$AX8)+DB8*($AW8/$AX8) -> 0.31972315 | DD8: 0.29106273 | DE8: 0.33351099 | DF8: =DD8*($AV8/$AX8)+DE8*($AW8/$AX8) -> 0.32167862 | DG8: 0.33064467 | DH8: 0.3495353 | DI8: =DG8*($AV8/$AX8)+DH8*($AW8/$AX8) -> 0.34426957 | DJ8: 0.3392718 | DK8: 0.31102072 | DL8: =DJ8*($AV8/$AX8)+DK8*($AW8/$AX8) -> 0.31889566 | DM8: 0.32079901 | DN8: 0.30927408 | DO8: =DM8*($AV8/$AX8)+DN8*($AW8/$AX8) -> 0.31248664 | DP8: 0.30253721 | DQ8: 0.29794336 | DR8: =DP8*($AV8/$AX8)+DQ8*($AW8/$AX8) -> 0.29922389 | DS8: 0.30336043 | DT8: 0.29807872 | DU8: =DS8*($AV8/$AX8)+DT8*($AW8/$AX8) -> 0.29955099 | DV8: =AVERAGEA(CL8,CO8,CR8,CU8,CX8,DA8,DD8,DG8,DJ8,DM8,DP8,DS8) -> 0.29344994 | DW8: =AVERAGEA(CM8,CP8,CS8,CV8,CY8,DB8,DE8,DH8,DK8,DN8,DQ8,DT8) -> 0.30901623 | DX8: =AVERAGEA(CN8,CQ8,CT8,CW8,CZ8,DC8,DF8,DI8,DL8,DO8,DR8,DU8) -> 0.30467716 | DY8: 0.79168913 | DZ8: 0.75712779 | EA8: =DY8*($AV8/$AX8)+DZ8*($AW8/$AX8) -> 0.7667617 | EB8: 0.81777936 | EC8: 0.74338124 | ED8: =EB8*($AV8/$AX8)+EC8*($AW8/$AX8) -> 0.76411959 | EE8: 0.83100884 | EF8: 0.74449264 | EG8: =EE8*($AV8/$AX8)+EF8*($AW8/$AX8) -> 0.76860888 | EH8: 0.8138188 | EI8: 0.75184563 | EJ8: =EH8*($AV8/$AX8)+EI8*($AW8/$AX8) -> 0.76912054 | EK8: 0.81194646 | EL8: 0.73655982 | EM8: =EK8*($AV8/$AX8)+EL8*($AW8/$AX8) -> 0.75757372 | EN8: 0.83207428 | EO8: 0.75669535 | EP8: =EN8*($AV8/$AX8)+EO8*($AW8/$AX8) -> 0.77770709 | EQ8: 0.82613913 | ER8: 0.76965445 | ES8: =EQ8*($AV8/$AX8)+ER8*($AW8/$AX8) -> 0.78539945 | ET8: 0.85932792 | EU8: 0.79331695 | EV8: =ET8*($AV8/$AX8)+EU8*($AW8/$AX8) -> 0.81171739 | EW8: 0.81742397 | EX8: 0.73537752 | EY8: =EW8*($AV8/$AX8)+EX8*($AW8/$AX8) -> 0.75824783 | EZ8: 0.82626863 | FA8: 0.75348924 | FB8: =EZ8*($AV8/$AX8)+FA8*($AW8/$AX8) -> 0.77377636 | FC8: 0.82307392 | FD8: 0.75768066 | FE8: =FC8*($AV8/$AX8)+FD8*($AW8/$AX8) -> 0.77590892 | FF8: 0.83518261 | FG8: 0.76028102 | FH8: =FF8*($AV8/$AX8)+FG8*($AW8/$AX8) -> 0.78115971 | FI8: =AVERAGE(DY8,EB8,EE8,EH8,EK8,EN8,EQ8,ET8,EW8,EZ8,FC8,FF8) -> 0.82381109 | FJ8: =AVERAGE(DZ8,EC8,EF8,EI8,EL8,EO8,ER8,EU8,EX8,FA8,FD8,FG8) -> 0.75499186 | FK8: =AVERAGE(EA8,ED8,EG8,EJ8,EM8,EP8,ES8,EV8,EY8,FB8,FE8,FH8) -> 0.7741751 | FN8: =FL8*($X8/$Z8)+FM8*($Y8/$Z8) -> 0 | FQ8: =FO8*($X8/$Z8)+FP8*($Y8/$Z8) -> 0 | FT8: =FR8*($X8/$Z8)+FS8*($Y8/$Z8) -> 0 | FW8: =FU8*($X8/$Z8)+FV8*($Y8/$Z8) -> 0 | FZ8: =FX8*($X8/$Z8)+FY8*($Y8/$Z8) -> 0 | GC8: =GA8*($X8/$Z8)+GB8*($Y8/$Z8) -> 0 | GF8: =GD8*($X8/$Z8)+GE8*($Y8/$Z8) -> 0 | GI8: =GG8*($X8/$Z8)+GH8*($Y8/$Z8) -> 0 | GL8: =GJ8*($X8/$Z8)+GK8*($Y8/$Z8) -> 0 | GO8: =GM8*($X8/$Z8)+GN8*($Y8/$Z8) -> 0 | GP8: =AVERAGEA(FL8,FO8,FR8,FU8,FX8,GA8,GD8,GG8,GJ8,GM8) -> #DIV/0! | GQ8: =AVERAGEA(FM8,FP8,FS8,FV8,FY8,GB8,GE8,GH8,GK8,GN8) -> #DIV/0! | GR8: =AVERAGEA(FN8,FQ8,FT8,FW8,FZ8,GC8,GF8,GI8,GL8,GO8) -> 0
